house,season,date,category,heat,heat_z,lasting,lasting_z,momentum,press,tone,appointments,pictures,complete,image,product,other,mix_shift,distinctness,distinctness_percentile,movement,movement_percentile,campaigns,runway_looks,runway_distinctness,runway_distinctness_percentile,runway_movement,runway_movement_percentile,shop_window_worn,transmission,transmission_percentile,recognisable,clothes_status
alaia,2025 AW,2025-03-04,rtw,0.3635,-0.398,0.364,2.342,-0.3504,,,0,9,True,0.778,0.222,0.0,,0.3794,100,,,0,,,,,,6,,,,provisional
alaia,2026 SS,2025-10-04,rtw,0.424,-0.306,0.0523,0.494,-0.1873,,,0,11,True,0.545,0.364,0.091,0.233,0.2146,48,0.394,100,0,,,,,,5,,,,provisional
alaia,2026 AW,2026-03-04,rtw,0.2541,0.303,-0.0486,-0.062,0.1276,,,0,10,True,0.5,0.5,0.0,0.136,0.2203,69,0.2399,58,0,,,,,,1,,,,provisional
balenciaga,2015 AW,2015-03-06,rtw,,,,,,,,0,0,True,,,,,,,,,0,,,,,,0,,,,provisional
balenciaga,2016 SS,2015-10-02,rtw,1.0366,1.615,-0.1467,-0.949,,,,0,0,True,,,,,,,,,1,20,,,,,0,,,,provisional
balenciaga,2016 AW,2016-03-06,rtw,0.8793,2.17,-0.0432,-0.295,-0.2212,,,0,0,True,,,,,,,,,0,20,,,0.1709,,0,,,,provisional
balenciaga,2017 SS,2016-10-02,rtw,0.6724,0.801,-0.0569,-0.601,-0.0925,,,0,0,True,,,,,,,,,0,20,,,0.058,,0,,,,provisional
balenciaga,2017 AW,2017-03-05,rtw,0.4637,0.209,0.278,2.254,0.0067,1.0249,-0.0715,0,0,True,,,,,,,,,0,20,,,0.1258,,0,,,,provisional
balenciaga,2018 SS,2017-10-01,rtw,0.8268,1.313,0.2121,0.863,-0.0756,1.6883,-0.8947,0,0,True,,,,,,,,,0,18,,,0.1502,,0,,,,provisional
balenciaga,2018 AW,2018-03-04,rtw,0.3515,0.044,0.1886,0.798,0.035,0.8506,0.2209,0,0,True,,,,,,,,,0,19,,,0.174,,0,,,,provisional
balenciaga,2019 SS,2018-09-30,rtw,0.4249,-0.563,0.045,0.19,-0.1819,0.6947,-0.3704,0,0,True,,,,,,,,,0,,,,,,0,,,,provisional
balenciaga,2019 AW,2019-03-03,rtw,0.2038,-0.463,0.1304,0.889,0.1259,1.7488,-2.4704,0,0,True,,,,,,,,,0,,,,,,0,,,,provisional
balenciaga,2020 SS,2019-09-29,rtw,0.5342,-0.322,-0.0268,-0.336,-0.1321,1.3654,0.052,0,0,True,,,,,,,,,0,,,,,,0,,,,provisional
balenciaga,2020 AW,2020-03-01,rtw,0.2707,-0.094,-0.2329,-1.571,0.0517,1.2076,-1.0925,0,0,True,,,,,,,,,0,20,0.1379,,0.071,,0,,,,provisional
balenciaga,2021 SS,2020-10-04,rtw,0.2823,-0.307,-0.106,-1.264,0.0078,0.8759,0.0302,0,0,True,,,,,,,,,0,,,,,,0,,,,provisional
balenciaga,2022 SS,2021-10-02,rtw,1.0816,0.883,0.1219,0.158,-0.1733,1.2682,0.5606,0,11,True,0.364,0.455,0.182,,0.207,53,,,0,15,,,0.1776,,7,0.815,,,provisional
balenciaga,2022 AW,2022-03-06,rtw,1.0982,2.212,0.1013,1.081,0.1515,1.6558,-1.2866,0,7,True,0.286,0.714,0.0,0.259,0.2418,71,0.2887,78,0,14,0.331,100,0.1194,33,3,,,,provisional
balenciaga,2023 SS,2022-10-02,rtw,1.7235,2.644,0.8657,2.911,-0.1122,1.7534,-0.665,0,16,True,0.562,0.438,0.0,0.276,0.183,43,0.224,45,0,12,,,0.0824,,12,0.7691,,,provisional
balenciaga,2023 AW,2023-03-05,rtw,-0.1311,-1.321,0.2492,1.308,0.4767,2.5509,0.345,0,10,True,0.2,0.8,0.0,0.362,0.3101,79,0.2542,45,2,12,,,0.1827,,3,,,,provisional
balenciaga,2024 SS,2023-10-01,rtw,0.3002,-0.524,0.1852,1.236,-0.2788,0.5301,-0.7906,2,3,True,0.0,1.0,0.0,0.2,0.4843,100,0.1147,0,0,9,,,0.1511,,0,,,,provisional
balenciaga,2024 AW,2024-03-03,rtw,0.006,-0.987,-0.1275,-0.756,0.3315,0.7819,-0.0895,3,13,True,0.0,1.0,0.0,0.0,0.5118,95,0.3831,100,0,8,,,0.2293,,0,,,,provisional
balenciaga,2025 SS,2024-09-30,rtw,0.249,-0.745,-0.0513,-0.451,0.2548,1.8215,0.3162,0,3,True,0.0,1.0,0.0,0.0,0.547,100,0.0426,0,0,1,,,,,0,,,,provisional
balenciaga,2025 AW,2025-03-09,rtw,0.7201,1.04,-0.1766,-1.488,-0.1777,1.1511,-0.8077,0,3,True,0.0,1.0,0.0,0.0,0.6117,100,0.1075,8,0,8,0.1608,,0.1704,,0,,,,provisional
balenciaga,2026 SS,2025-10-04,rtw,1.3953,2.259,0.0388,0.412,-0.1665,2.4637,0.897,0,4,True,0.0,1.0,0.0,0.0,0.4996,100,0.1606,25,3,1,,,,,0,,,,provisional
balenciaga,2026 AW,2026-03-07,rtw,0.4258,0.957,0.1085,0.627,-0.0742,1.3419,-0.4389,7,8,True,0.0,1.0,0.0,0.0,0.3843,93,0.1729,38,5,7,,,,,0,,,,provisional
balenciaga,2027 SS,2026-10-01,rtw,0.2731,-0.398,,,-0.3566,1.824,-1.4785,0,4,False,0.0,0.75,0.25,0.25,0.3659,100,0.3136,67,2,15,,,0.1977,,0,,,,provisional
bottega_veneta,2015 AW,2015-02-28,rtw,,,,,,,,0,0,True,,,,,,,,,0,,,,,,0,,,,provisional
bottega_veneta,2016 SS,2015-09-26,rtw,0.1854,-0.696,-0.0805,-0.508,,,,0,0,True,,,,,,,,,0,,,,,,0,,,,provisional
bottega_veneta,2016 AW,2016-02-27,rtw,0.0219,-1.284,0.1272,1.344,0.0233,,,0,0,True,,,,,,,,,0,1,,,,,0,,,,provisional
bottega_veneta,2017 SS,2016-09-24,rtw,0.5745,0.301,-0.0647,-0.663,0.0729,,,0,0,True,,,,,,,,,0,,,,,,0,,,,provisional
bottega_veneta,2017 AW,2017-02-25,rtw,0.1521,-0.968,0.0432,0.317,0.0035,,,0,0,True,,,,,,,,,0,,,,,,0,,,,provisional
bottega_veneta,2018 SS,2017-09-23,rtw,0.4192,-0.392,-0.073,-0.673,-0.03,,,0,0,True,,,,,,,,,0,,,,,,0,,,,provisional
bottega_veneta,2018 AW,2018-02-10,rtw,0.36,0.068,-0.1447,-0.321,-0.044,,,0,0,True,,,,,,,,,0,,,,,,0,,,,provisional
bottega_veneta,2019 AW,2019-02-23,rtw,0.4922,-0.002,0.1625,1.105,0.0676,,,0,0,True,,,,,,,,,0,,,,,,0,,,,provisional
bottega_veneta,2020 SS,2019-09-19,rtw,0.395,-0.986,0.0155,0.037,0.0551,,,0,0,True,,,,,,,,,0,,,,,,0,,,,provisional
bottega_veneta,2020 AW,2020-02-22,rtw,0.3545,0.202,-0.1609,-1.071,0.111,,,0,0,True,,,,,,,,,0,,,,,,0,,,,provisional
bottega_veneta,2022 AW,2022-02-26,rtw,0.4493,0.295,-0.1298,-1.195,0.2116,,,0,16,True,0.125,0.875,0.0,,0.2279,57,,,0,,,,,,2,,,,provisional
bottega_veneta,2023 AW,2023-02-25,rtw,0.5863,1.433,-0.0096,-0.183,0.174,,,0,17,True,0.059,0.941,0.0,0.066,0.364,93,0.1842,27,0,,,,,,1,,,,provisional
bottega_veneta,2024 SS,2023-09-23,rtw,0.4642,0.162,-0.0401,-0.624,-0.0396,,,1,16,True,0.062,0.938,0.0,0.003,0.1813,41,0.2484,62,0,,,,,,4,,,,provisional
bottega_veneta,2024 AW,2024-02-24,rtw,0.2769,-0.095,-0.0954,-0.628,0.1063,,,1,16,True,0.0,1.0,0.0,0.062,0.178,32,0.0988,0,0,,,,,,0,,,,provisional
bottega_veneta,2025 SS,2024-09-21,rtw,0.8823,0.815,0.0638,0.231,-0.0765,,,1,10,True,0.0,0.9,0.1,0.1,0.2322,67,0.1415,24,0,17,,,,,0,,,,provisional
bottega_veneta,2026 SS,2025-09-27,rtw,0.935,1.043,-0.198,-1.027,0.1209,,,1,14,True,0.071,0.929,0.0,0.1,0.2588,72,0.2721,62,0,7,,,,,4,,,,provisional
bottega_veneta,2026 AW,2026-02-28,rtw,0.3275,0.583,0.0573,0.403,-0.2521,,,1,11,True,0.364,0.636,0.0,0.293,0.1977,48,0.0763,0,2,5,,,,,4,,,,provisional
bottega_veneta,2027 SS,2026-09-26,rtw,0.6015,0.722,,,-0.313,,,0,0,False,,,,,,,,,1,,,,,,0,,,,provisional
brunello_cucinelli,2026 SS,2025-06-20,men,0.2177,-0.09,0.1095,0.785,-0.2716,,,0,1,True,,,,,,,,,0,,,,,,1,,,,provisional
brunello_cucinelli,2026 AW,2026-01-16,men,0.2991,-0.439,-0.3528,-1.801,-0.0028,,,0,0,True,,,,,,,,,0,,,,,,0,,,,provisional
brunello_cucinelli,2027 SS,2026-06-19,men,0.0976,0.975,0.2048,1.338,-0.1985,,,0,4,False,0.25,0.0,0.75,,,,,,0,,,,,,1,,,,provisional
burberry,2015 AW,2015-02-23,rtw,,,,,,,,0,0,True,,,,,,,,,0,,,,,,0,,,,provisional
burberry,2016 SS,2015-09-21,rtw,0.8087,0.996,0.2221,1.507,,,,0,0,True,,,,,,,,,0,,,,,,0,,,,provisional
burberry,2016 AW,2016-02-22,rtw,0.2374,-0.416,-0.1173,-1.008,0.0668,,,0,0,True,,,,,,,,,0,,,,,,0,,,,provisional
burberry,2017 SS,2016-09-19,rtw,0.3719,-0.735,0.2994,2.231,-0.1189,,,0,0,True,,,,,,,,,0,,,,,,0,,,,provisional
burberry,2017 AW,2017-02-20,rtw,0.9701,2.123,-0.1378,-1.175,0.3382,2.0275,0.5404,0,0,True,,,,,,,,,0,,,,,,0,,,,provisional
burberry,2018 SS,2017-09-16,rtw,0.5161,0.013,0.1874,0.73,-0.1819,2.8313,-0.4408,0,0,True,,,,,,,,,0,,,,,,0,,,,provisional
burberry,2018 AW,2018-02-17,rtw,1.0173,1.947,-0.0952,-0.155,0.1143,,,0,0,True,,,,,,,,,0,,,,,,0,,,,provisional
burberry,2019 SS,2018-09-17,rtw,0.4634,-0.486,-0.0999,-1.149,-0.1226,,,0,0,True,,,,,,,,,0,,,,,,0,,,,provisional
burberry,2019 AW,2019-02-17,rtw,0.9057,0.659,-0.0316,-0.201,0.0715,,,0,0,True,,,,,,,,,0,,,,,,0,,,,provisional
burberry,2020 SS,2019-09-16,rtw,0.5377,-0.305,0.2137,1.784,-0.1609,,,0,0,True,,,,,,,,,0,1,,,,,0,,,,provisional
burberry,2020 AW,2020-02-17,rtw,0.6825,1.361,-0.0742,-0.468,0.1554,,,0,0,True,,,,,,,,,0,,,,,,0,,,,provisional
burberry,2021 SS,2020-09-17,rtw,0.3015,-0.227,0.0466,0.692,-0.2623,,,0,0,True,,,,,,,,,0,,,,,,0,,,,provisional
burberry,2022 AW,2022-03-11,rtw,0.2909,-0.173,0.0043,0.126,0.0441,,,0,4,True,0.25,0.75,0.0,,0.2019,36,,,0,,,,,,3,,,,provisional
burberry,2023 AW,2023-02-20,rtw,0.4662,0.972,-0.1277,-0.863,0.1057,,,1,1,True,,,,,,,,,0,,,,,,0,,,,provisional
burberry,2024 SS,2023-09-18,rtw,0.4699,0.185,0.0257,-0.081,-0.053,,,0,7,True,0.286,0.571,0.143,,0.2302,65,,,0,,,,,,2,,,,provisional
burberry,2024 AW,2024-02-19,rtw,0.2041,-0.334,0.1101,0.194,0.1526,,,1,4,True,0.75,0.25,0.0,0.464,0.1959,93,,,0,,,,,,3,,,,provisional
burberry,2025 SS,2024-09-16,rtw,0.3671,-0.454,-0.0632,-0.521,-0.1587,,,1,12,True,0.667,0.25,0.083,0.083,0.1949,39,0.2106,44,0,,,,,,8,,,,provisional
burberry,2025 AW,2025-02-24,rtw,0.2047,-1.039,-0.0286,-0.439,-0.128,,,0,4,True,0.0,0.5,0.5,0.667,,,,,0,,,,,,0,,,,provisional
burberry,2026 SS,2025-09-22,rtw,0.2999,-0.634,0.1077,0.831,-0.1903,,,1,0,True,,,,,,,,,0,,,,,,0,,,,provisional
burberry,2026 AW,2026-02-23,rtw,0.0223,-0.581,-0.0655,-0.137,0.0989,,,0,0,True,,,,,,,,,0,,,,,,0,,,,provisional
burberry,2027 SS,2026-09-21,rtw,0.3452,-0.152,,,-0.1532,,,1,0,False,,,,,,,,,0,,,,,,0,,,,provisional
celine,2015 AW,2015-03-08,rtw,,,,,,,,0,0,True,,,,,,,,,0,,,,,,0,,,,provisional
celine,2016 SS,2015-10-04,rtw,0.3027,-0.377,0.0486,0.352,,,,0,0,True,,,,,,,,,0,,,,,,0,,,,provisional
celine,2016 AW,2016-03-06,rtw,0.1408,-0.805,-0.1012,-0.853,-0.011,,,0,0,True,,,,,,,,,0,,,,,,0,,,,provisional
celine,2017 SS,2016-10-02,rtw,0.3536,-0.828,-0.0615,-0.638,-0.0128,,,0,0,True,,,,,,,,,0,,,,,,0,,,,provisional
celine,2017 AW,2017-03-05,rtw,0.2268,-0.686,0.001,-0.031,0.0359,1.9836,0.7722,0,0,True,,,,,,,,,0,,,,,,0,,,,provisional
celine,2018 SS,2017-10-01,rtw,0.3323,-0.756,0.0085,-0.234,0.073,,,0,0,True,,,,,,,,,0,,,,,,0,,,,provisional
celine,2019 SS,2018-09-28,rtw,2.3887,3.394,-0.0651,-0.827,-0.0743,,,0,0,True,,,,,,,,,0,,,,,,0,,,,provisional
celine,2019 AW,2019-03-01,rtw,0.5839,0.145,-0.0009,0.006,-0.4238,,,0,0,True,,,,,,,,,0,20,,,,,0,,,,provisional
celine,2020 SS,2019-09-27,rtw,0.8351,1.114,0.034,0.2,-0.0037,,,0,0,True,,,,,,,,,0,13,,,0.1391,,0,,,,provisional
celine,2020 AW,2020-02-28,rtw,0.3751,0.275,0.0486,0.385,-0.0522,,,0,0,True,,,,,,,,,0,,,,,,0,,,,provisional
celine,2022 AW,2022-03-19,rtw,0.0522,-0.878,0.1126,1.192,0.1534,,,0,1,True,,,,,,,,,1,,,,,,1,,,,provisional
celine,2026 SS,2025-10-05,rtw,1.0657,1.388,-0.1082,-0.481,0.1678,,,0,5,True,0.2,0.8,0.0,,0.1509,28,,,1,7,,,,,2,,,,provisional
celine,2026 AW,2026-03-07,rtw,0.1621,-0.048,0.0694,0.456,-0.0209,,,0,5,True,0.8,0.2,0.0,0.6,0.1288,25,,,9,,,,,,4,,,,provisional
chanel,2015 AW,2015-03-10,rtw,,,,,,,,0,0,True,,,,,,,,,7,,,,,,0,,,,provisional
chanel,2016 SS,2015-10-06,rtw,0.6219,0.489,0.0654,0.464,,,,0,0,True,,,,,,,,,4,,,,,,0,,,,provisional
chanel,2016 AW,2016-03-08,rtw,0.439,0.396,0.0209,0.322,-0.1134,,,0,0,True,,,,,,,,,10,19,,,,,0,,,,provisional
chanel,2017 SS,2016-10-04,rtw,0.5255,0.05,0.0156,-0.025,-0.1757,,,0,0,True,,,,,,,,,1,4,,,,,0,,,,provisional
chanel,2017 AW,2017-03-07,rtw,0.3975,-0.041,0.0639,0.488,0.0307,1.1397,0.0428,0,0,True,,,,,,,,,4,3,,,,,0,,,,provisional
chanel,2018 SS,2017-10-03,rtw,0.1727,-1.423,-0.1558,-1.119,-0.0692,1.1944,-0.3534,0,0,True,,,,,,,,,2,,,,,,0,,,,provisional
chanel,2018 AW,2018-03-06,rtw,0.1695,-0.477,0.012,0.205,-0.0379,1.3932,-0.1836,0,0,True,,,,,,,,,5,,,,,,0,,,,provisional
chanel,2019 SS,2018-10-02,rtw,0.3974,-0.619,0.1075,0.767,-0.1006,1.3,-0.4723,0,0,True,,,,,,,,,6,,,,,,0,,,,provisional
chanel,2019 AW,2019-03-05,rtw,0.3651,-0.205,-0.0279,-0.176,0.1119,1.3223,0.4825,0,0,True,,,,,,,,,6,1,,,,,0,,,,provisional
chanel,2020 SS,2019-10-01,rtw,0.3603,-1.151,-0.1222,-1.177,0.1375,1.8893,-0.854,0,0,True,,,,,,,,,9,1,,,,,0,,,,provisional
chanel,2020 AW,2020-03-03,rtw,0.0224,-0.972,0.2907,2.068,-0.0355,1.0819,-0.1575,0,0,True,,,,,,,,,7,,,,,,0,,,,provisional
chanel,2021 SS,2020-10-06,rtw,0.3572,0.006,-0.0009,0.083,-0.4492,0.8359,-0.6131,0,0,True,,,,,,,,,9,,,,,,0,,,,provisional
chanel,2021 AW,2021-03-09,rtw,0.4846,0.749,0.0308,0.686,-0.0542,0.9401,-0.1283,1,0,True,,,,,,,,,4,,,,,,0,,,,provisional
chanel,2022 SS,2021-10-03,rtw,0.31,-0.681,0.1406,0.213,-0.0999,1.1584,0.4073,0,8,True,0.875,0.125,0.0,,0.1376,9,,,11,3,,,,,6,,,,provisional
chanel,2022 AW,2022-03-08,rtw,0.0633,-0.845,-0.0056,0.028,0.46,1.1812,-0.7916,0,12,True,1.0,0.0,0.0,0.125,0.1323,10,0.1369,0,12,11,0.2781,33,0.0272,0,9,0.9697,,1.0,provisional
chanel,2023 SS,2022-10-04,rtw,0.1419,-0.833,-0.1479,-0.411,0.0131,0.9006,0.206,0,8,True,1.0,0.0,0.0,0.0,0.1265,8,0.1375,10,8,11,,,0.1772,,6,0.7906,,,provisional
chanel,2023 AW,2023-03-07,rtw,0.1512,-0.237,0.1325,0.635,-0.1153,2.2817,1.3483,0,4,True,1.0,0.0,0.0,0.0,0.1896,58,0.2344,55,9,,,,,,4,,,,provisional
chanel,2024 SS,2023-10-03,rtw,0.1545,-1.133,0.1292,0.774,-0.0799,0.7321,-0.1164,0,2,True,,,,,,,,,9,,,,,,2,,,,provisional
chanel,2024 AW,2024-03-05,rtw,0.2917,-0.046,0.016,-0.182,0.3817,0.6099,0.5339,1,4,True,0.5,0.25,0.25,,,,,,8,,,,,,3,,,,provisional
chanel,2025 SS,2024-10-01,rtw,0.271,-0.691,-0.0327,-0.34,-0.2611,0.9931,-0.9872,0,0,True,,,,,,,,,4,,,,,,0,,,,provisional
chanel,2025 AW,2025-03-11,rtw,0.1095,-1.423,-0.0347,-0.483,-0.0155,0.6644,0.1548,2,2,True,,,,,,,,,2,,,,,,0,,,,provisional
chanel,2026 SS,2025-10-06,rtw,0.7621,0.587,0.0901,0.724,-0.024,1.6501,0.233,1,0,True,,,,,,,,,7,,,,,,0,,,,provisional
chanel,2026 AW,2026-03-09,rtw,0.0798,-0.362,-0.1181,-0.368,-0.0418,1.4661,0.1182,4,0,True,,,,,,,,,10,,,,,,0,,,,provisional
chanel,2027 SS,2026-10-05,rtw,,,,,-0.1976,-2.5209,,2,2,False,,,,,,,,,1,,,,,,0,,,,provisional
chloe,2015 AW,2015-03-08,rtw,,,,,,,,0,0,True,,,,,,,,,0,17,,,,,0,,,,provisional
chloe,2016 SS,2015-10-01,rtw,0.8444,1.093,0.0986,0.685,,,,0,0,True,,,,,,,,,0,,,,,,0,,,,provisional
chloe,2016 AW,2016-03-03,rtw,0.4216,0.326,0.1335,1.405,0.0253,,,0,0,True,,,,,,,,,0,,,,,,0,,,,provisional
chloe,2017 SS,2016-09-29,rtw,0.4312,-0.432,0.0925,0.586,-0.0352,,,0,0,True,,,,,,,,,0,20,,,0.0558,,0,,,,provisional
chloe,2017 AW,2017-03-02,rtw,0.5092,0.381,-0.1405,-1.197,0.1508,,,0,0,True,,,,,,,,,0,20,,,0.0471,,0,,,,provisional
chloe,2018 SS,2017-09-28,rtw,0.7694,1.073,-0.0922,-0.776,-0.0651,,,0,0,True,,,,,,,,,0,,,,,,0,,,,provisional
chloe,2018 AW,2018-03-01,rtw,0.4139,0.222,0.1054,0.518,0.0941,,,0,0,True,,,,,,,,,0,,,,,,0,,,,provisional
chloe,2019 SS,2018-09-27,rtw,0.7246,0.04,-0.0072,-0.292,-0.1044,,,0,0,True,,,,,,,,,0,,,,,,0,,,,provisional
chloe,2019 AW,2019-02-28,rtw,0.5231,0.047,0.0602,0.417,0.0126,,,0,0,True,,,,,,,,,0,18,,,0.0935,,0,,,,provisional
chloe,2020 SS,2019-09-26,rtw,0.5525,-0.234,-0.0403,-0.455,-0.12,,,0,0,True,,,,,,,,,0,15,,,0.1989,,0,,,,provisional
chloe,2020 AW,2020-02-27,rtw,0.2772,-0.071,0.0463,0.369,0.0763,,,0,0,True,,,,,,,,,0,20,0.1228,,0.0596,,0,,,,provisional
chloe,2021 SS,2020-10-01,rtw,0.2252,-0.546,-0.0496,-0.541,-0.0691,,,0,0,True,,,,,,,,,0,0,,,,,0,,,,provisional
chloe,2021 AW,2021-03-03,rtw,0.6181,1.486,0.0351,0.721,0.0941,,,0,0,True,,,,,,,,,0,19,,,0.1233,,0,,,,provisional
chloe,2022 SS,2021-09-30,rtw,0.3156,-0.67,-0.0894,-0.469,0.1434,,,0,3,True,0.0,1.0,0.0,,0.28,80,,,0,1,,,,,2,,,,provisional
chloe,2022 AW,2022-03-03,rtw,0.3781,0.085,0.0463,0.54,0.1975,,,0,4,True,0.25,0.5,0.25,0.5,,,,,0,19,0.2014,0,0.1206,67,2,,,,provisional
chloe,2023 SS,2022-09-29,rtw,0.5288,0.018,-0.0582,-0.117,-0.1241,,,0,4,True,0.25,0.75,0.0,0.25,0.1852,29,,,0,0,,,,,2,,,,provisional
chloe,2023 AW,2023-03-02,rtw,0.0967,-0.447,0.2262,1.175,0.0041,,,0,7,True,0.0,1.0,0.0,0.25,0.2867,64,0.3962,91,0,0,,,,,2,,,,provisional
chloe,2024 SS,2023-09-28,rtw,0.6201,0.813,0.0842,0.402,-0.4517,,,0,6,True,0.333,0.667,0.0,0.333,0.1453,12,0.355,100,0,11,,,0.2215,,4,,,,provisional
chloe,2024 AW,2024-02-29,rtw,1.0074,2.311,0.3427,1.125,-0.2718,,,0,12,True,0.167,0.75,0.083,0.166,0.142,5,0.2098,62,0,,,,,,7,,,,provisional
chloe,2025 SS,2024-09-26,rtw,0.5797,0.069,-0.2746,-1.773,0.3369,,,0,20,True,0.2,0.8,0.0,0.083,0.2967,86,0.2386,65,0,,,,,,4,,,,provisional
chloe,2025 AW,2025-03-06,rtw,0.4752,0.052,-0.0012,-0.245,-0.059,,,0,23,True,0.087,0.739,0.174,0.174,0.2473,42,0.1902,25,0,,,,,,3,,,,provisional
chloe,2026 SS,2025-10-05,rtw,0.4045,-0.358,-0.0115,0.106,0.0849,,,0,10,True,0.7,0.3,0.0,0.613,0.1566,26,0.4568,94,0,19,,,0.2241,,7,0.9188,,,provisional
chloe,2026 AW,2026-03-05,rtw,0.3275,0.583,0.0962,0.573,-0.2989,,,1,9,True,0.556,0.444,0.0,0.144,0.2603,84,0.2581,79,0,18,0.2465,,0.1104,,5,0.9691,,1.0,provisional
chloe,2027 SS,2026-10-01,rtw,0.3545,-0.12,,,-0.1724,,,0,4,False,0.25,0.75,0.0,0.306,0.3097,83,0.4412,100,0,,,,,,2,,,,provisional
dior,2015 AW,2015-03-06,rtw,,,,,,,,0,0,True,,,,,,,,,4,,,,,,0,,,,provisional
dior,2016 SS,2015-10-02,rtw,0.2452,-0.533,0.123,0.847,,,,0,0,True,,,,,,,,,0,,,,,,0,,,,provisional
dior,2016 AW,2016-03-04,rtw,0.1835,-0.633,-0.0456,-0.318,0.0934,,,0,0,True,,,,,,,,,3,,,,,,0,,,,provisional
dior,2017 SS,2016-09-30,rtw,0.3954,-0.615,-0.0119,-0.244,-0.0975,,,0,0,True,,,,,,,,,0,,,,,,0,,,,provisional
dior,2017 AW,2017-03-03,rtw,0.0214,-1.462,-0.136,-1.16,-0.0485,1.0279,0.3582,0,0,True,,,,,,,,,2,,,,,,0,,,,provisional
dior,2018 SS,2017-09-26,rtw,0.3161,-0.823,-0.0891,-0.759,-0.0895,1.2259,-0.2508,0,0,True,,,,,,,,,2,,,,,,0,,,,provisional
dior,2018 AW,2018-02-27,rtw,0.0567,-0.799,-0.0114,0.127,-0.0816,0.9695,-0.1395,0,0,True,,,,,,,,,2,,,,,,0,,,,provisional
dior,2019 SS,2018-09-24,rtw,0.5138,-0.384,-0.0542,-0.727,-0.0156,1.1514,-0.1388,0,0,True,,,,,,,,,3,,,,,,0,,,,provisional
dior,2019 AW,2019-02-26,rtw,0.3609,-0.212,0.1913,1.299,0.0195,1.9398,-0.1695,0,0,True,,,,,,,,,3,,,,,,0,,,,provisional
dior,2020 AW,2020-02-25,rtw,0.116,-0.641,-0.0081,-0.009,0.2285,1.0415,-0.4584,0,0,True,,,,,,,,,5,13,0.1519,,,,0,,,,provisional
dior,2021 SS,2020-09-29,rtw,0.07,-1.194,0.0881,1.224,0.0346,1.5231,-0.4765,0,0,True,,,,,,,,,1,20,,,0.1809,,0,,,,provisional
dior,2021 AW,2021-03-08,rtw,0.091,-1.423,-0.0099,0.356,0.1255,0.4733,0.3297,1,0,True,,,,,,,,,4,8,,,0.1889,,0,,,,provisional
dior,2022 SS,2021-09-28,rtw,0.3484,-0.603,-0.1305,-0.591,-0.2087,1.7683,-0.1084,0,11,True,0.818,0.182,0.0,,0.2734,100,,,2,19,,,0.4447,,3,,,,provisional
dior,2022 AW,2022-03-01,rtw,0.1607,-0.557,0.1372,1.435,0.0371,1.5481,-0.6189,3,17,True,0.706,0.294,0.0,0.112,0.1602,27,0.3341,100,2,8,0.3177,67,0.1735,100,15,0.8447,,0.333,provisional
dior,2023 SS,2022-09-27,rtw,0.1493,-0.817,0.2338,0.84,-0.3363,0.9332,-0.3097,0,16,True,0.812,0.188,0.0,0.106,0.1588,19,0.1967,34,1,,,,,,11,,,,provisional
dior,2023 AW,2023-02-28,rtw,-0.0471,-0.999,-0.1635,-1.07,0.3643,0.9121,0.0335,1,17,True,0.765,0.235,0.0,0.047,0.1592,26,0.1496,15,2,,,,,,14,,,,provisional
dior,2024 SS,2023-09-26,rtw,0.2125,-0.89,0.1207,0.704,-0.2263,1.1408,-0.5145,1,16,True,0.938,0.062,0.0,0.173,0.1592,71,0.1167,10,4,,,,,,15,,,,provisional
dior,2024 AW,2024-02-27,rtw,0.3378,0.106,-0.1365,-0.792,0.1078,0.7367,0.7605,2,17,True,0.588,0.412,0.0,0.35,0.1395,30,0.1124,9,0,,,,,,9,,,,provisional
dior,2025 SS,2024-09-24,rtw,-0.1058,-1.619,-0.0506,-0.446,-0.1924,1.1735,-0.214,1,15,True,0.667,0.333,0.0,0.079,0.1224,26,0.166,32,1,,,,,,9,,,,provisional
dior,2025 AW,2025-03-04,rtw,0.3381,-0.501,-0.1518,-1.312,0.3142,0.9085,-0.1135,1,12,True,0.667,0.333,0.0,0.0,0.1626,19,0.156,22,3,,,,,,7,,,,provisional
dior,2026 SS,2025-10-01,rtw,0.435,-0.277,-0.2149,-1.13,-0.1408,1.1143,0.4979,4,10,True,0.5,0.5,0.0,0.167,0.159,32,0.2345,53,0,,,,,,7,,,,provisional
dior,2026 AW,2026-03-03,rtw,-0.0229,-0.753,0.0219,0.247,-0.064,0.8838,-0.2934,10,1,True,,,,,,,,,7,,,,,,1,,,,provisional
dior,2027 SS,2026-09-29,rtw,0.062,-1.118,,,-0.2696,1.1961,0.1723,0,0,False,,,,,,,,,2,,,,,,0,,,,provisional
dolce_gabbana,2015 AW,2015-03-01,rtw,,,,,,,,0,0,True,,,,,,,,,0,,,,,,0,,,,provisional
dolce_gabbana,2016 SS,2015-09-27,rtw,-0.2635,-1.914,-0.3763,-2.479,,,,0,0,True,,,,,,,,,0,,,,,,0,,,,provisional
dolce_gabbana,2016 AW,2016-02-28,rtw,0.1937,-0.592,-0.0954,-0.797,0.069,,,0,0,True,,,,,,,,,0,,,,,,0,,,,provisional
dolce_gabbana,2017 SS,2016-09-25,rtw,0.5348,0.098,0.1122,0.743,-0.0547,,,0,0,True,,,,,,,,,0,,,,,,0,,,,provisional
dolce_gabbana,2017 AW,2017-02-26,rtw,0.485,0.29,0.1394,1.111,0.1235,1.7923,0.8888,0,0,True,,,,,,,,,0,,,,,,0,,,,provisional
dolce_gabbana,2018 SS,2017-09-24,rtw,0.4958,-0.072,0.2112,0.858,-0.0767,2.0081,0.1518,0,0,True,,,,,,,,,0,,,,,,0,,,,provisional
dolce_gabbana,2018 AW,2018-02-25,rtw,0.334,-0.006,0.1402,0.635,0.1631,2.4251,-0.4752,0,0,True,,,,,,,,,0,,,,,,0,,,,provisional
dolce_gabbana,2019 SS,2018-09-23,rtw,0.8838,0.361,0.2424,2.013,0.0277,,,0,0,True,,,,,,,,,0,,,,,,0,,,,provisional
dolce_gabbana,2019 AW,2019-02-24,rtw,0.0052,-0.781,0.2033,1.38,0.0975,,,0,0,True,,,,,,,,,0,4,,,,,0,,,,provisional
dolce_gabbana,2020 AW,2020-02-23,rtw,0.3193,0.078,-0.1253,-0.823,0.1245,,,0,0,True,,,,,,,,,0,,,,,,0,,,,provisional
dolce_gabbana,2021 SS,2020-09-23,rtw,0.0384,-1.326,-0.0961,-1.137,0.1998,,,0,0,True,,,,,,,,,0,,,,,,0,,,,provisional
dolce_gabbana,2021 AW,2021-03-01,rtw,0.2359,-0.624,-0.2295,-1.425,0.141,,,1,0,True,,,,,,,,,0,,,,,,0,,,,provisional
dolce_gabbana,2022 SS,2021-09-25,rtw,0.0322,-1.244,-0.2899,-1.064,-0.058,,,0,19,True,0.263,0.737,0.0,,0.2182,44,,,0,,,,,,8,,,,provisional
dolce_gabbana,2022 AW,2022-02-26,rtw,-0.0382,-1.145,0.1309,1.373,0.1976,,,0,20,True,0.3,0.7,0.0,0.037,0.2365,73,0.1135,7,0,,,,,,13,,,,provisional
dolce_gabbana,2023 SS,2022-09-24,rtw,1.2786,1.666,0.1574,0.59,-0.1503,,,0,15,True,0.467,0.533,0.0,0.167,0.1805,36,0.3064,81,0,,,,,,6,,,,provisional
dolce_gabbana,2023 AW,2023-02-25,rtw,0.1381,-0.288,0.4458,2.44,0.2624,,,0,12,True,0.333,0.5,0.167,0.167,0.2352,70,0.2967,80,0,,,,,,9,,,,provisional
dolce_gabbana,2024 SS,2023-09-23,rtw,0.1492,-1.155,-0.159,-1.606,0.4907,,,1,16,True,0.625,0.375,0.0,0.292,0.1872,69,0.2392,56,0,,,,,,14,,,,provisional
dolce_gabbana,2024 AW,2024-02-24,rtw,0.0517,-0.836,-0.0013,-0.252,-0.0913,,,2,24,True,0.833,0.167,0.0,0.208,0.1874,73,0.1842,51,0,,,,,,24,,,,provisional
dolce_gabbana,2025 SS,2024-09-21,rtw,0.718,0.41,-0.0926,-0.695,-0.0464,,,0,12,True,0.5,0.5,0.0,0.333,0.2306,74,0.2603,62,0,,,,,,8,,,,provisional
dolce_gabbana,2025 AW,2025-03-01,rtw,0.1672,-1.19,0.0082,-0.179,0.0229,,,0,3,True,0.0,1.0,0.0,0.5,0.3422,83,0.5138,100,0,,,,,,0,,,,provisional
dolce_gabbana,2026 SS,2025-09-27,rtw,0.2953,-0.646,-0.0714,-0.258,0.1659,,,1,9,True,0.333,0.667,0.0,0.333,0.2551,77,0.525,100,0,,,,,,9,,,,provisional
dolce_gabbana,2026 AW,2026-02-28,rtw,0.3685,0.739,0.1018,0.598,-0.0053,,,0,12,True,0.583,0.417,0.0,0.25,0.209,56,0.259,81,0,,,,,,11,,,,provisional
dolce_gabbana,2027 SS,2026-09-26,rtw,0.3095,-0.274,,,0.108,,,1,0,False,,,,,,,,,0,,,,,,0,,,,provisional
dries_van_noten,2015 AW,2015-03-04,rtw,,,,,,,,0,0,True,,,,,,,,,0,,,,,,0,,,,provisional
dries_van_noten,2016 SS,2015-09-30,rtw,0.7359,0.799,-0.2305,-1.507,,,,0,0,True,,,,,,,,,0,,,,,,0,,,,provisional
dries_van_noten,2016 AW,2016-03-02,rtw,0.6301,1.166,-0.316,-2.919,-0.2754,,,0,0,True,,,,,,,,,0,,,,,,0,,,,provisional
dries_van_noten,2017 SS,2016-09-28,rtw,0.7751,1.325,-0.0642,-0.659,-0.0675,,,0,0,True,,,,,,,,,0,,,,,,0,,,,provisional
dries_van_noten,2017 AW,2017-03-01,rtw,1.1844,2.933,-0.1466,-1.248,-0.1847,4.1263,-0.3237,0,0,True,,,,,,,,,0,,,,,,0,,,,provisional
dries_van_noten,2018 SS,2017-09-27,rtw,0.7843,1.135,0.308,1.38,0.1246,,,0,0,True,,,,,,,,,0,,,,,,0,,,,provisional
dries_van_noten,2018 AW,2018-02-28,rtw,0.1312,-0.586,-0.6117,-1.887,-0.2368,,,0,0,True,,,,,,,,,0,,,,,,0,,,,provisional
dries_van_noten,2019 SS,2018-09-26,rtw,0.6757,-0.058,-0.0021,-0.245,0.1463,,,0,0,True,,,,,,,,,0,,,,,,0,,,,provisional
dries_van_noten,2019 AW,2019-02-27,rtw,0.2459,-0.396,0.0108,0.085,-0.0865,,,0,0,True,,,,,,,,,0,,,,,,0,,,,provisional
dries_van_noten,2020 SS,2019-09-25,rtw,0.7715,0.811,-0.1549,-1.466,-0.0292,,,0,0,True,,,,,,,,,0,,,,,,0,,,,provisional
dries_van_noten,2020 AW,2020-02-26,rtw,0.2768,-0.073,0.1118,0.824,-0.24,,,0,0,True,,,,,,,,,0,,,,,,0,,,,provisional
dries_van_noten,2021 AW,2021-03-03,rtw,0.2892,-0.329,-0.1587,-0.851,-0.1839,,,0,0,True,,,,,,,,,0,,,,,,0,,,,provisional
dries_van_noten,2023 SS,2022-09-28,rtw,0.6367,0.255,0.0267,0.161,-0.0286,,,0,0,True,,,,,,,,,0,,,,,,0,,,,provisional
dries_van_noten,2023 AW,2023-03-01,rtw,0.3794,0.639,-0.0153,-0.216,0.0777,,,0,2,True,,,,,,,,,0,,,,,,0,,,,provisional
dries_van_noten,2024 SS,2023-09-27,rtw,0.7001,1.147,0.0114,-0.199,0.0985,,,0,1,True,,,,,,,,,0,,,,,,0,,,,provisional
dries_van_noten,2024 AW,2024-02-28,rtw,0.8048,1.644,0.3803,1.275,-0.1189,,,0,8,True,0.0,1.0,0.0,,0.5639,100,,,0,,,,,,0,,,,provisional
dries_van_noten,2025 SS,2024-09-25,rtw,0.7576,0.508,0.0837,0.349,-0.0277,,,0,15,True,0.2,0.8,0.0,0.2,0.245,74,0.3196,100,0,12,,,,,4,,,,provisional
dries_van_noten,2025 AW,2025-03-05,rtw,0.5438,0.329,0.0826,0.348,0.0998,,,0,15,True,0.4,0.6,0.0,0.2,0.2652,58,0.2195,40,0,16,0.1645,,0.1196,,7,0.9684,,1.0,provisional
dries_van_noten,2026 SS,2025-09-30,rtw,0.5458,0.015,0.1103,0.847,-0.1589,,,0,13,True,0.231,0.769,0.0,0.169,0.1641,41,0.2191,39,0,16,,,0.1424,,8,0.9505,,,provisional
dries_van_noten,2026 AW,2026-03-04,rtw,0.3229,0.565,0.2978,1.459,-0.1337,,,0,22,True,0.227,0.773,0.0,0.004,0.1957,49,0.1311,26,0,16,0.1908,,0.1647,,13,0.9687,,1.0,provisional
dries_van_noten,2027 SS,2026-09-30,rtw,1.0295,2.181,,,-0.2815,,,0,0,False,,,,,,,,,0,14,,,0.2534,,0,,,,provisional
fendi,2015 AW,2015-02-26,rtw,,,,,,,,0,0,True,,,,,,,,,0,,,,,,0,,,,provisional
fendi,2016 SS,2015-09-24,rtw,0.2562,-0.504,0.0178,0.147,,,,0,0,True,,,,,,,,,0,,,,,,0,,,,provisional
fendi,2016 AW,2016-02-25,rtw,0.4688,0.516,0.0152,0.267,-0.1123,,,0,0,True,,,,,,,,,0,,,,,,0,,,,provisional
fendi,2017 SS,2016-09-22,rtw,1.087,2.919,-0.143,-1.286,0.2023,,,0,0,True,,,,,,,,,1,,,,,,0,,,,provisional
fendi,2017 AW,2017-02-23,rtw,0.5491,0.532,0.1132,0.895,-0.0598,2.1558,-0.7233,0,0,True,,,,,,,,,0,,,,,,0,,,,provisional
fendi,2018 SS,2017-09-21,rtw,0.4952,-0.074,-0.0932,-0.782,0.0281,,,0,0,True,,,,,,,,,1,,,,,,0,,,,provisional
fendi,2018 AW,2018-02-22,rtw,1.3717,2.96,0.3455,1.324,-0.0445,,,0,0,True,,,,,,,,,0,,,,,,0,,,,provisional
fendi,2019 SS,2018-09-20,rtw,0.9628,0.521,0.1866,1.498,0.0016,,,0,0,True,,,,,,,,,0,,,,,,0,,,,provisional
fendi,2019 AW,2019-02-21,rtw,3.248,4.406,-0.0907,-0.598,-0.0899,,,0,0,True,,,,,,,,,0,,,,,,0,,,,provisional
fendi,2020 SS,2019-09-19,rtw,0.5674,-0.163,-0.0881,-0.877,0.0917,,,0,0,True,,,,,,,,,0,,,,,,0,,,,provisional
fendi,2020 AW,2020-02-20,rtw,0.23,-0.238,-0.0138,-0.048,-0.2745,,,0,0,True,,,,,,,,,0,,,,,,0,,,,provisional
fendi,2021 SS,2020-09-23,rtw,0.3593,0.014,-0.121,-1.456,-0.0814,,,0,0,True,,,,,,,,,0,,,,,,0,,,,provisional
fendi,2021 AW,2021-02-24,rtw,0.2546,-0.52,-0.1598,-0.86,-0.0015,,,1,0,True,,,,,,,,,0,,,,,,0,,,,provisional
fendi,2022 SS,2021-09-22,rtw,0.3028,-0.695,0.0393,-0.087,0.1217,,,1,8,True,0.5,0.5,0.0,,0.3513,86,,,0,,,,,,4,,,,provisional
fendi,2022 AW,2022-02-23,rtw,0.0599,-0.855,-0.0174,-0.088,0.33,,,0,3,True,0.0,1.0,0.0,0.5,0.3517,93,0.2838,67,0,,,,,,0,,,,provisional
fendi,2023 SS,2022-09-10,rtw,0.703,0.401,-0.1118,-0.293,-0.0131,,,0,4,True,0.0,1.0,0.0,0.0,0.3642,93,0.3015,64,0,,,,,,1,,,,provisional
fendi,2023 AW,2023-02-22,rtw,0.0749,-0.53,0.1786,0.901,-0.2215,,,0,0,True,,,,,,,,,0,,,,,,0,,,,provisional
fendi,2024 SS,2023-09-20,rtw,0.2158,-0.876,-0.1628,-1.637,-0.5372,,,1,19,True,0.316,0.684,0.0,0.316,0.2256,65,0.3273,85,0,,,,,,5,,,,provisional
fendi,2024 AW,2024-02-21,rtw,0.0626,-0.8,-0.0464,-0.432,0.0723,,,3,13,True,0.385,0.615,0.0,0.069,0.1578,34,0.2039,59,0,,,,,,7,,,,provisional
fendi,2025 SS,2024-09-17,rtw,0.2942,-0.634,-0.0632,-0.521,-0.2599,,,1,15,True,0.467,0.533,0.0,0.082,0.1521,15,0.1818,38,0,6,,,,,13,,,,provisional
fendi,2025 AW,2025-02-26,rtw,0.8865,1.712,-0.0045,-0.269,-0.113,,,3,19,True,0.526,0.474,0.0,0.059,0.1812,29,0.2732,61,1,20,0.1215,,,,10,0.8387,,0.5,provisional
fendi,2026 SS,2025-09-24,rtw,0.6921,0.402,0.2381,1.624,-0.0671,,,0,11,True,0.091,0.909,0.0,0.435,0.1251,11,0.3443,81,0,,,,,,9,,,,provisional
fendi,2026 AW,2026-02-25,rtw,0.1452,-0.112,-0.2139,-0.788,0.4208,,,0,0,True,,,,,,,,,7,19,0.1655,,0.0962,,0,,,,provisional
fendi,2027 SS,2026-09-23,rtw,0.2386,-0.516,,,-0.168,,,0,0,False,,,,,,,,,1,,,,,,0,,,,provisional
givenchy,2015 AW,2015-03-08,rtw,,,,,,,,0,0,True,,,,,,,,,0,,,,,,0,,,,provisional
givenchy,2016 SS,2015-09-12,rtw,1.4381,2.705,0.1227,0.845,,,,0,0,True,,,,,,,,,0,,,,,,0,,,,provisional
givenchy,2016 AW,2016-03-06,rtw,0.0873,-1.021,-0.1341,-1.169,0.08,,,0,0,True,,,,,,,,,0,,,,,,0,,,,provisional
givenchy,2017 SS,2016-10-02,rtw,0.3961,-0.611,-0.0771,-0.762,-0.1157,,,0,0,True,,,,,,,,,0,,,,,,0,,,,provisional
givenchy,2018 SS,2017-10-01,rtw,0.4787,-0.143,-0.0719,-0.667,-0.0372,,,0,0,True,,,,,,,,,0,,,,,,0,,,,provisional
givenchy,2018 AW,2018-03-04,rtw,0.2816,-0.156,0.2647,1.053,0.0661,,,0,0,True,,,,,,,,,0,,,,,,0,,,,provisional
givenchy,2019 SS,2018-09-30,rtw,0.4022,-0.609,0.076,0.476,-0.4362,,,0,0,True,,,,,,,,,0,,,,,,0,,,,provisional
givenchy,2019 AW,2019-03-03,rtw,0.289,-0.327,-0.0692,-0.454,0.1109,,,0,0,True,,,,,,,,,0,,,,,,0,,,,provisional
givenchy,2020 SS,2019-09-29,rtw,0.1871,-1.977,0.0661,0.483,-0.1276,,,0,0,True,,,,,,,,,0,,,,,,0,,,,provisional
givenchy,2020 AW,2020-03-01,rtw,-0.1988,-1.754,-0.189,-1.266,0.2651,,,0,0,True,,,,,,,,,0,,,,,,0,,,,provisional
givenchy,2021 SS,2020-10-04,rtw,0.5704,0.896,0.0861,1.198,0.0036,,,0,0,True,,,,,,,,,0,,,,,,0,,,,provisional
givenchy,2021 AW,2021-03-07,rtw,0.3421,-0.038,-0.006,0.388,0.0996,,,1,0,True,,,,,,,,,0,,,,,,0,,,,provisional
givenchy,2022 SS,2021-10-03,rtw,0.5413,-0.212,-0.2049,-0.812,-0.2321,,,0,12,True,0.417,0.583,0.0,,0.1691,12,,,0,,,,,,6,,,,provisional
givenchy,2022 AW,2022-03-06,rtw,0.5279,0.527,0.1194,1.259,0.1779,,,0,12,True,0.417,0.583,0.0,0.0,0.1902,50,0.2384,56,0,,,,,,10,,,,provisional
givenchy,2023 SS,2022-10-02,rtw,0.5987,0.171,-0.0058,0.055,-0.0387,,,0,12,True,0.333,0.667,0.0,0.084,0.15,10,0.2511,56,0,,,,,,7,,,,provisional
givenchy,2023 AW,2023-03-02,rtw,-0.057,-1.037,-0.0774,-0.574,0.0969,,,1,18,True,0.611,0.389,0.0,0.278,0.0892,0,0.1735,25,0,,,,,,15,,,,provisional
givenchy,2024 SS,2023-09-28,rtw,0.2583,-0.699,-0.0243,-0.494,-0.0636,,,0,15,True,0.867,0.133,0.0,0.256,0.0789,0,0.1075,0,0,,,,,,14,,,,provisional
givenchy,2024 AW,2024-02-29,rtw,0.1414,-0.541,0.567,2.022,0.2144,,,0,16,True,0.562,0.438,0.0,0.305,0.122,15,0.1003,0,0,,,,,,10,,,,provisional
givenchy,2025 AW,2025-03-07,rtw,0.3807,-0.329,-0.1794,-1.508,-0.2052,,,0,12,True,0.167,0.833,0.0,0.395,0.1589,17,0.238,42,0,,,,,,5,,,,provisional
givenchy,2026 SS,2025-10-03,rtw,0.3928,-0.389,-0.1068,-0.473,-0.1938,,,0,6,True,0.0,1.0,0.0,0.167,0.3623,94,0.2905,69,0,,,,,,0,,,,provisional
givenchy,2026 AW,2026-03-06,rtw,0.1442,-0.116,0.0901,0.547,-0.412,,,0,19,True,0.316,0.632,0.053,0.368,0.1125,10,0.2146,54,0,,,,,,7,,,,provisional
givenchy,2027 SS,2026-10-02,rtw,0.1396,-0.853,,,-0.2219,,,0,0,False,,,,,,,,,0,,,,,,0,,,,provisional
gucci,2015 AW,2015-02-25,rtw,,,,,,,,0,0,True,,,,,,,,,0,,,,,,0,,,,provisional
gucci,2016 SS,2015-09-23,rtw,0.0593,-1.038,-0.0636,-0.396,,,,0,0,True,,,,,,,,,0,,,,,,0,,,,provisional
gucci,2016 AW,2016-02-24,rtw,0.131,-0.845,0.1922,1.97,0.0855,,,0,0,True,,,,,,,,,0,,,,,,0,,,,provisional
gucci,2017 SS,2016-09-21,rtw,0.282,-1.194,0.1606,1.128,-0.1629,,,0,0,True,,,,,,,,,0,,,,,,0,,,,provisional
gucci,2017 AW,2017-02-22,rtw,0.3123,-0.363,0.1283,1.019,0.1952,0.9674,-0.4843,0,0,True,,,,,,,,,0,,,,,,0,,,,provisional
gucci,2018 SS,2017-09-20,rtw,0.3935,-0.5,0.3022,1.348,-0.0439,1.3023,-0.7333,0,0,True,,,,,,,,,0,,,,,,0,,,,provisional
gucci,2018 AW,2018-02-21,rtw,0.2269,-0.313,-0.1647,-0.388,0.195,1.1996,-0.9486,0,0,True,,,,,,,,,0,,,,,,0,,,,provisional
gucci,2019 SS,2018-09-25,rtw,0.6292,-0.152,-0.0029,-0.253,0.0548,1.6268,0.0867,0,0,True,,,,,,,,,0,,,,,,0,,,,provisional
gucci,2019 AW,2019-02-23,rtw,0.0169,-0.762,-0.0975,-0.644,-0.0748,0.9098,0.2161,0,0,True,,,,,,,,,0,,,,,,0,,,,provisional
gucci,2020 AW,2020-02-19,rtw,-0.0156,-1.106,0.0573,0.446,-0.0464,0.7085,-0.0692,0,0,True,,,,,,,,,0,,,,,,0,,,,provisional
gucci,2022 SS,2021-11-03,rtw,2.1504,3.05,1.3268,3.732,0.7048,1.541,0.1983,1,2,True,,,,,,,,,1,,,,,,0,,,,provisional
gucci,2022 AW,2022-02-25,rtw,1.1866,2.473,-0.2923,-2.795,1.7968,1.2215,0.7386,3,1,True,,,,,,,,,1,,,,,,0,,,,provisional
gucci,2023 SS,2022-09-23,rtw,-0.0881,-1.339,-0.8244,-2.628,0.5433,0.2817,-0.3524,1,0,True,,,,,,,,,0,,,,,,0,,,,provisional
gucci,2023 AW,2023-02-24,rtw,-0.0749,-1.105,-0.3276,-2.015,-0.1621,0.9917,0.1805,1,12,True,0.333,0.583,0.083,,0.1863,37,,,0,,,,,,5,,,,provisional
gucci,2024 SS,2023-09-22,rtw,0.2238,-0.843,-0.0348,-0.58,-0.193,1.4932,0.111,1,17,True,0.529,0.471,0.0,0.196,0.1533,42,0.2036,42,0,,,,,,13,,,,provisional
gucci,2024 AW,2024-02-23,rtw,-0.2315,-1.769,-0.4913,-2.212,0.1352,0.7212,0.1803,1,4,True,0.0,1.0,0.0,0.529,0.2267,63,0.1864,44,0,,,,,,1,,,,provisional
gucci,2025 SS,2024-09-20,rtw,0.1622,-0.959,0.1753,0.892,-0.1466,1.037,0.107,3,14,True,0.286,0.714,0.0,0.286,0.1783,32,0.1648,29,0,,,,,,5,,,,provisional
gucci,2025 AW,2025-02-25,rtw,0.0062,-1.84,-0.0389,-0.512,-0.0806,1.03,0.8981,0,15,True,0.467,0.533,0.0,0.181,0.1441,15,0.1748,41,1,,,,,,7,,,,provisional
gucci,2026 SS,2025-09-23,rtw,0.4361,-0.274,0.0642,0.567,-0.1029,1.6031,0.753,1,10,True,0.0,1.0,0.0,0.467,0.1754,50,0.1685,38,0,,,,,,1,,,,provisional
gucci,2026 AW,2026-02-27,rtw,0.1491,-0.097,-0.1175,-0.365,0.3744,0.9396,0.0938,0,5,True,0.0,1.0,0.0,0.0,0.2896,79,0.1393,23,9,,,,,,0,,,,provisional
gucci,2027 SS,2026-09-25,rtw,0.2693,-0.411,,,-0.4971,0.4474,0.5404,1,4,False,0.0,1.0,0.0,0.0,0.2778,67,0.0283,0,1,,,,,,0,,,,provisional
hermes,2015 AW,2015-03-09,rtw,,,,,,,,0,0,True,,,,,,,,,0,,,,,,0,,,,provisional
hermes,2016 SS,2015-10-05,rtw,0.3667,-0.204,0.0215,0.171,,,,0,0,True,,,,,,,,,0,,,,,,0,,,,provisional
hermes,2016 AW,2016-03-07,rtw,0.0386,-1.217,0.0485,0.587,0.0037,,,0,0,True,,,,,,,,,0,,,,,,0,,,,provisional
hermes,2017 SS,2016-10-03,rtw,0.1635,-1.8,-0.091,-0.872,-0.0725,,,0,0,True,,,,,,,,,0,,,,,,0,,,,provisional
hermes,2017 AW,2017-03-06,rtw,0.0984,-1.171,-0.0037,-0.069,0.0894,0.7976,-0.0464,0,0,True,,,,,,,,,0,,,,,,0,,,,provisional
hermes,2018 SS,2017-10-02,rtw,0.1212,-1.639,-0.1008,-0.823,-0.0772,,,0,0,True,,,,,,,,,0,,,,,,0,,,,provisional
hermes,2018 AW,2018-03-03,rtw,0.2623,-0.211,0.1462,0.655,-0.0033,,,0,0,True,,,,,,,,,0,,,,,,0,,,,provisional
hermes,2019 SS,2018-09-29,rtw,0.2322,-0.952,-0.1231,-1.363,-0.0118,,,0,0,True,,,,,,,,,0,,,,,,0,,,,provisional
hermes,2019 AW,2019-03-02,rtw,0.0659,-0.684,0.113,0.772,-0.044,,,0,0,True,,,,,,,,,0,,,,,,0,,,,provisional
hermes,2020 SS,2019-09-28,rtw,0.1785,-2.018,0.0563,0.396,0.058,,,0,0,True,,,,,,,,,0,,,,,,0,,,,provisional
hermes,2020 AW,2020-02-29,rtw,0.0211,-0.976,0.0329,0.276,0.095,,,0,0,True,,,,,,,,,0,,,,,,0,,,,provisional
hermes,2021 SS,2020-10-03,rtw,0.1772,-0.746,-0.0471,-0.509,0.1019,,,0,0,True,,,,,,,,,0,,,,,,0,,,,provisional
hermes,2021 AW,2021-03-06,rtw,0.0795,-1.487,0.0508,0.849,-0.3114,,,0,0,True,,,,,,,,,0,,,,,,0,,,,provisional
hermes,2022 SS,2021-10-02,rtw,1.2552,1.235,-0.172,-0.714,-0.088,,,0,4,True,0.0,0.75,0.25,,0.3466,90,,,0,,,,,,1,,,,provisional
hermes,2022 AW,2022-03-05,rtw,0.0725,-0.818,-0.0776,-0.681,0.0949,,,0,17,True,0.0,1.0,0.0,0.25,0.236,64,0.3058,89,0,,,,,,3,,,,provisional
hermes,2023 SS,2022-10-01,rtw,0.3958,-0.275,0.0272,0.163,0.1114,,,0,12,True,0.083,0.417,0.5,0.583,0.2908,86,0.1753,27,0,,,,,,1,,,,provisional
hermes,2023 AW,2023-03-04,rtw,0.0532,-0.614,0.0821,0.345,0.1551,,,0,23,True,0.087,0.87,0.043,0.457,0.2454,57,0.1247,0,0,,,,,,3,,,,provisional
hermes,2024 SS,2023-09-30,rtw,0.0697,-1.487,0.2168,1.497,0.2055,,,0,20,True,0.05,0.95,0.0,0.08,0.2516,76,0.1208,8,0,,,,,,6,,,,provisional
hermes,2024 AW,2024-03-02,rtw,0.1208,-0.609,-0.089,-0.602,0.777,,,0,18,True,0.222,0.722,0.056,0.228,0.2874,80,0.1437,19,0,,,,,,6,,,,provisional
hermes,2025 SS,2024-09-28,rtw,0.1982,-0.87,0.0912,0.394,-0.1205,,,0,14,True,0.214,0.786,0.0,0.064,0.3165,90,0.3085,81,0,,,,,,2,,,,provisional
hermes,2025 AW,2025-03-08,rtw,0.7329,1.092,0.1771,1.018,0.1266,,,0,18,True,0.278,0.722,0.0,0.064,0.2445,43,0.2844,67,0,,,,,,5,,,,provisional
hermes,2026 SS,2025-10-04,rtw,0.0866,-1.197,-0.0767,-0.29,0.275,,,0,3,True,0.667,0.333,0.0,0.389,,,,,0,,,,,,3,,,,provisional
hermes,2026 AW,2026-03-07,rtw,0.3642,0.722,0.1262,0.705,0.0769,,,0,1,True,,,,,,,,,0,,,,,,1,,,,provisional
hermes,2027 SS,2026-10-03,rtw,0.0586,-1.129,,,0.1013,,,0,0,False,,,,,,,,,0,,,,,,0,,,,provisional
jil_sander,2015 AW,2015-02-28,rtw,,,,,,,,0,0,True,,,,,,,,,0,,,,,,0,,,,provisional
jil_sander,2016 SS,2015-09-26,rtw,0.2985,-0.389,-0.0461,-0.279,,,,0,0,True,,,,,,,,,0,,,,,,0,,,,provisional
jil_sander,2016 AW,2016-02-27,rtw,0.5227,0.733,-0.0771,-0.621,0.0454,,,0,0,True,,,,,,,,,0,,,,,,0,,,,provisional
jil_sander,2017 SS,2016-09-24,rtw,0.5135,-0.011,-0.186,-1.628,-0.028,,,0,0,True,,,,,,,,,0,,,,,,0,,,,provisional
jil_sander,2017 AW,2017-02-25,rtw,0.5812,0.653,-0.109,-0.938,-0.0857,4.524,0.4314,0,0,True,,,,,,,,,0,,,,,,0,,,,provisional
jil_sander,2018 SS,2017-09-23,rtw,0.8622,1.461,0.0826,0.165,-0.1844,,,0,0,True,,,,,,,,,0,,,,,,0,,,,provisional
jil_sander,2018 AW,2018-02-24,rtw,0.4486,0.321,-0.243,-0.65,0.0647,,,0,0,True,,,,,,,,,0,,,,,,0,,,,provisional
jil_sander,2019 SS,2018-09-19,rtw,0.9338,0.462,0.0951,0.653,0.0194,,,0,0,True,,,,,,,,,0,,,,,,0,,,,provisional
jil_sander,2019 AW,2019-02-20,rtw,0.6412,0.236,-0.1744,-1.161,-0.1497,,,0,0,True,,,,,,,,,1,,,,,,0,,,,provisional
jil_sander,2020 SS,2019-09-18,rtw,0.8657,1.26,0.0688,0.507,-0.0095,,,0,0,True,,,,,,,,,0,,,,,,0,,,,provisional
jil_sander,2020 AW,2020-02-19,rtw,0.9364,2.259,0.0346,0.288,-0.1116,,,0,0,True,,,,,,,,,1,,,,,,0,,,,provisional
jil_sander,2021 AW,2021-03-07,rtw,0.6224,1.509,-0.13,-0.618,-0.0887,,,0,0,True,,,,,,,,,0,,,,,,0,,,,provisional
jil_sander,2022 SS,2021-09-22,rtw,0.5564,-0.181,0.1551,0.256,0.0496,,,0,8,True,0.375,0.625,0.0,,0.216,46,,,0,,,,,,5,,,,provisional
jil_sander,2022 AW,2022-02-26,rtw,0.3944,0.133,-0.0622,-0.529,0.2293,,,0,16,True,0.562,0.438,0.0,0.187,0.1494,23,0.1637,28,0,,,,,,12,,,,provisional
jil_sander,2023 SS,2022-09-24,rtw,0.6044,0.184,-0.0396,-0.056,-0.028,,,0,12,True,0.417,0.583,0.0,0.145,0.1722,34,0.1588,26,0,,,,,,11,,,,provisional
jil_sander,2023 AW,2023-02-24,rtw,0.4687,0.981,0.1334,0.641,-0.1512,,,0,10,True,1.0,0.0,0.0,0.583,0.1579,42,0.1615,18,0,,,,,,10,,,,provisional
jil_sander,2024 SS,2023-09-23,rtw,0.6679,1.013,-0.0911,-1.045,-0.1147,,,0,14,True,0.571,0.429,0.0,0.429,0.1281,15,0.117,20,0,,,,,,13,,,,provisional
jil_sander,2024 AW,2024-02-24,rtw,0.7274,1.389,0.5728,2.045,-0.0566,,,0,18,True,0.778,0.222,0.0,0.207,0.1107,12,0.1374,29,0,,,,,,16,,,,provisional
jil_sander,2025 SS,2024-09-18,rtw,0.8017,0.616,-0.2428,-1.585,-0.3353,,,0,18,True,0.667,0.333,0.0,0.111,0.1318,24,0.1069,9,0,,,,,,14,,,,provisional
jil_sander,2025 AW,2025-02-26,rtw,0.826,1.467,-0.0611,-0.67,-0.311,,,0,15,True,0.267,0.733,0.0,0.4,0.1549,15,0.2143,50,0,,,,,,13,,,,provisional
jil_sander,2026 SS,2025-09-24,rtw,0.7317,0.506,0.1837,1.293,-0.0397,,,0,15,True,0.2,0.8,0.0,0.067,0.1636,34,0.1297,19,2,,,,,,10,,,,provisional
jil_sander,2026 AW,2026-02-25,rtw,0.215,0.154,-0.2159,-0.797,0.1845,,,0,13,True,0.154,0.769,0.077,0.077,0.1556,21,0.1729,46,7,,,,,,7,,,,provisional
jil_sander,2027 SS,2026-09-23,rtw,0.7708,1.299,,,-0.1315,,,0,4,False,0.0,1.0,0.0,0.231,0.2651,50,0.1619,33,2,,,,,,0,,,,provisional
loewe,2015 AW,2015-03-06,rtw,,,,,,,,0,0,True,,,,,,,,,0,,,,,,0,,,,provisional
loewe,2016 SS,2015-10-02,rtw,0.6728,0.628,0.1052,0.729,,,,0,0,True,,,,,,,,,0,,,,,,0,,,,provisional
loewe,2016 AW,2016-03-04,rtw,0.7157,1.511,0.0499,0.601,-0.0806,,,0,0,True,,,,,,,,,0,,,,,,0,,,,provisional
loewe,2017 SS,2016-09-30,rtw,0.715,1.018,0.0269,0.065,-0.1447,,,0,0,True,,,,,,,,,0,,,,,,0,,,,provisional
loewe,2017 AW,2017-03-03,rtw,0.4398,0.119,-0.0305,-0.29,0.0508,,,0,0,True,,,,,,,,,0,,,,,,0,,,,provisional
loewe,2018 SS,2017-09-29,rtw,0.7113,0.83,-0.0054,-0.309,0.0226,,,0,0,True,,,,,,,,,0,,,,,,0,,,,provisional
loewe,2018 AW,2018-03-02,rtw,0.3234,-0.037,0.1799,0.768,0.0157,,,0,0,True,,,,,,,,,0,,,,,,0,,,,provisional
loewe,2019 SS,2018-09-28,rtw,0.5223,-0.367,-0.0068,-0.289,-0.0396,,,0,0,True,,,,,,,,,0,,,,,,0,,,,provisional
loewe,2019 AW,2019-03-01,rtw,0.4349,-0.094,0.1653,1.124,-0.0016,,,0,0,True,,,,,,,,,0,,,,,,0,,,,provisional
loewe,2020 SS,2019-09-27,rtw,0.9097,1.47,0.2337,1.961,-0.0358,,,0,0,True,,,,,,,,,0,,,,,,0,,,,provisional
loewe,2020 AW,2020-02-28,rtw,0.3936,0.34,0.0444,0.356,0.0341,,,0,0,True,,,,,,,,,0,,,,,,0,,,,provisional
loewe,2021 SS,2020-10-02,rtw,0.507,0.631,0.033,0.518,-0.0491,,,0,0,True,,,,,,,,,1,,,,,,0,,,,provisional
loewe,2021 AW,2021-03-05,rtw,0.2322,-0.644,-0.1763,-0.994,-0.0297,,,0,0,True,,,,,,,,,1,,,,,,0,,,,provisional
loewe,2022 SS,2021-10-01,rtw,0.7512,0.214,0.1465,0.231,0.041,,,0,8,True,0.125,0.875,0.0,,0.2631,70,,,0,,,,,,3,,,,provisional
loewe,2022 AW,2022-03-04,rtw,0.3512,0.005,-0.0178,-0.092,0.193,,,1,7,True,0.286,0.714,0.0,0.161,0.3537,100,0.2603,56,1,,,,,,6,,,,provisional
loewe,2023 SS,2022-09-30,rtw,0.8159,0.649,-0.0937,-0.233,0.1397,,,2,15,True,0.467,0.333,0.2,0.381,0.1762,31,0.4374,100,0,,,,,,7,,,,provisional
loewe,2023 AW,2023-03-03,rtw,0.3375,0.478,0.0658,0.251,0.2631,,,3,6,True,0.5,0.5,0.0,0.2,0.2614,82,0.3055,72,0,,,,,,4,,,,provisional
loewe,2024 SS,2023-09-29,rtw,0.5835,0.66,-0.0301,-0.542,0.1524,,,1,13,True,0.615,0.385,0.0,0.115,0.124,14,0.2476,60,0,,,,,,10,,,,provisional
loewe,2024 AW,2024-03-01,rtw,0.5242,0.72,0.3907,1.317,-0.0329,,,0,14,True,0.571,0.429,0.0,0.044,0.168,44,0.1394,26,1,,,,,,9,,,,provisional
loewe,2025 SS,2024-09-27,rtw,1.8598,3.223,0.266,1.429,-0.4261,,,0,21,True,0.048,0.952,0.0,0.523,0.1112,0,0.2209,59,0,,,,,,10,,,,provisional
loewe,2026 SS,2025-10-03,rtw,1.1371,1.577,-0.2264,-1.2,-0.259,,,0,19,True,0.105,0.895,0.0,0.057,0.0888,0,0.0945,6,2,,,,,,7,,,,provisional
loewe,2026 AW,2026-03-06,rtw,0.6253,1.718,0.2102,1.074,-0.2059,,,3,21,True,0.286,0.714,0.0,0.181,0.1018,2,0.1136,15,7,,,,,,7,,,,provisional
loewe,2027 SS,2026-10-02,rtw,0.2089,-0.617,,,-0.1178,,,2,3,False,0.0,1.0,0.0,0.286,0.2496,17,0.2141,50,1,,,,,,0,,,,provisional
loro_piana,2024 AW,2024-02-23,rtw,0.0349,-0.892,-0.227,-1.155,0.118,,,0,14,True,0.929,0.071,0.0,,0.1551,57,,,0,,,,,,13,,,,provisional
loro_piana,2025 SS,2024-09-20,rtw,0.4923,-0.146,0.3734,2.065,-0.2355,,,0,0,True,,,,,,,,,0,,,,,,0,,,,provisional
loro_piana,2026 AW,2026-02-27,rtw,-0.2366,-1.568,-0.1633,-0.566,0.1876,,,0,0,True,,,,,,,,,0,,,,,,0,,,,provisional
louis_vuitton,2015 AW,2015-03-11,rtw,,,,,,,,0,0,True,,,,,,,,,0,,,,,,0,,,,provisional
louis_vuitton,2016 SS,2015-10-07,rtw,0.1709,-0.735,0.0777,0.546,,,,0,0,True,,,,,,,,,0,,,,,,0,,,,provisional
louis_vuitton,2016 AW,2016-03-09,rtw,0.113,-0.917,-0.0626,-0.481,0.1008,,,0,0,True,,,,,,,,,0,,,,,,0,,,,provisional
louis_vuitton,2017 SS,2016-10-05,rtw,0.3965,-0.609,0.0658,0.374,-0.1562,,,0,0,True,,,,,,,,,0,,,,,,0,,,,provisional
louis_vuitton,2017 AW,2017-03-07,rtw,0.1926,-0.815,0.2004,1.614,0.0191,,,0,0,True,,,,,,,,,0,,,,,,0,,,,provisional
louis_vuitton,2018 SS,2017-10-03,rtw,0.2051,-1.288,0.0386,-0.072,-0.0699,,,0,0,True,,,,,,,,,0,,,,,,0,,,,provisional
louis_vuitton,2018 AW,2018-03-06,rtw,0.1327,-0.582,0.0454,0.317,0.114,,,0,0,True,,,,,,,,,0,,,,,,0,,,,provisional
louis_vuitton,2019 SS,2018-10-02,rtw,0.2766,-0.862,0.0105,-0.129,-0.0532,,,0,0,True,,,,,,,,,0,,,,,,0,,,,provisional
louis_vuitton,2019 AW,2019-03-05,rtw,0.1366,-0.571,0.1132,0.774,-0.0019,,,0,0,True,,,,,,,,,0,,,,,,0,,,,provisional
louis_vuitton,2020 SS,2019-10-03,rtw,0.506,-0.456,0.0836,0.637,0.1353,,,0,0,True,,,,,,,,,0,,,,,,0,,,,provisional
louis_vuitton,2020 AW,2020-03-03,rtw,0.0094,-1.018,-0.0589,-0.362,-0.155,,,0,0,True,,,,,,,,,0,,,,,,0,,,,provisional
louis_vuitton,2021 SS,2020-09-28,rtw,0.0596,-1.237,-0.0497,-0.542,-0.0192,,,0,0,True,,,,,,,,,0,,,,,,0,,,,provisional
louis_vuitton,2021 AW,2021-03-10,rtw,0.13,-1.208,0.1002,1.249,0.0663,,,1,0,True,,,,,,,,,0,,,,,,0,,,,provisional
louis_vuitton,2022 SS,2021-10-03,rtw,0.2104,-0.883,-0.1323,-0.596,-0.0966,,,1,0,True,,,,,,,,,0,,,,,,0,,,,provisional
louis_vuitton,2022 AW,2022-03-07,rtw,0.0336,-0.933,0.0163,0.244,0.0918,,,1,4,True,1.0,0.0,0.0,,0.3549,100,,,0,,,,,,1,,,,provisional
louis_vuitton,2023 SS,2022-10-04,rtw,0.2668,-0.558,0.239,0.857,0.0293,,,1,9,True,0.333,0.444,0.222,0.666,0.2936,55,0.4682,100,0,,,,,,4,,,,provisional
louis_vuitton,2023 AW,2023-03-06,rtw,0.0323,-0.694,-0.1316,-0.886,0.3343,,,3,4,True,0.75,0.25,0.0,0.416,0.2047,83,0.57,100,0,,,,,,3,,,,provisional
louis_vuitton,2024 SS,2023-10-02,rtw,0.3087,-0.488,-0.1508,-1.538,-0.1219,,,2,16,True,0.375,0.25,0.375,0.375,0.3873,95,0.5502,100,0,,,,,,3,,,,provisional
louis_vuitton,2024 AW,2024-03-05,rtw,0.2102,-0.314,-0.2097,-1.085,-0.0011,,,3,14,True,0.571,0.357,0.071,0.303,0.1466,29,0.3635,98,0,,,,,,6,,,,provisional
louis_vuitton,2025 SS,2024-10-01,rtw,0.2695,-0.695,0.1112,0.512,-0.0102,,,2,4,True,0.0,1.0,0.0,0.642,0.2024,50,0.1089,12,0,,,,,,0,,,,provisional
louis_vuitton,2025 AW,2025-03-10,rtw,0.5315,0.279,0.1624,0.914,-0.0832,,,0,0,True,,,,,,,,,0,,,,,,0,,,,provisional
louis_vuitton,2026 SS,2025-09-30,rtw,0.0191,-1.376,-0.1831,-0.937,-0.1726,,,0,0,True,,,,,,,,,0,,,,,,0,,,,provisional
louis_vuitton,2026 AW,2026-03-10,rtw,-0.0476,-0.847,-0.1179,-0.367,0.0436,,,2,0,True,,,,,,,,,0,,,,,,0,,,,provisional
louis_vuitton,2027 SS,2026-10-06,rtw,,,,,0.1078,,,1,0,False,,,,,,,,,0,,,,,,0,,,,provisional
margiela,2015 AW,2015-03-06,rtw,,,,,,,,0,0,True,,,,,,,,,0,,,,,,0,,,,provisional
margiela,2016 SS,2015-09-30,rtw,0.7982,0.968,0.336,2.266,,,,0,0,True,,,,,,,,,0,,,,,,0,,,,provisional
margiela,2016 AW,2016-03-02,rtw,0.3938,0.214,-0.0168,-0.041,-0.0727,,,0,0,True,,,,,,,,,0,,,,,,0,,,,provisional
margiela,2017 SS,2016-09-28,rtw,0.5942,0.401,0.1419,0.979,-0.1069,,,0,0,True,,,,,,,,,0,,,,,,0,,,,provisional
margiela,2017 AW,2017-03-01,rtw,0.4707,0.236,0.0657,0.503,-0.0007,,,0,0,True,,,,,,,,,1,,,,,,0,,,,provisional
margiela,2018 SS,2017-09-27,rtw,0.572,0.247,0.0162,-0.192,-0.0867,,,0,0,True,,,,,,,,,0,,,,,,0,,,,provisional
margiela,2018 AW,2018-02-28,rtw,0.1791,-0.449,-0.0311,0.06,-0.1375,,,0,0,True,,,,,,,,,0,,,,,,0,,,,provisional
margiela,2019 SS,2018-09-26,rtw,0.8128,0.218,0.0315,0.065,-0.0462,,,0,0,True,,,,,,,,,1,,,,,,0,,,,provisional
margiela,2019 AW,2019-02-27,rtw,0.2703,-0.357,-0.0844,-0.556,-0.0912,,,0,0,True,,,,,,,,,1,,,,,,0,,,,provisional
margiela,2020 SS,2019-09-25,rtw,0.8784,1.32,0.0495,0.336,0.0936,,,0,0,True,,,,,,,,,1,,,,,,0,,,,provisional
margiela,2020 AW,2020-02-26,rtw,0.3426,0.16,0.2353,1.683,-0.1821,,,0,0,True,,,,,,,,,2,,,,,,0,,,,provisional
margiela,2022 SS,2021-10-03,rtw,0.2282,-0.847,-0.1918,-0.773,0.1052,,,0,3,True,0.333,0.667,0.0,,,,,,0,,,,,,1,,,,provisional
margiela,2024 SS,2023-10-02,rtw,0.5425,0.489,0.192,1.292,0.0305,,,0,14,True,0.357,0.643,0.0,0.024,0.1258,13,,,2,,,,,,10,,,,provisional
margiela,2026 SS,2025-10-04,rtw,0.8162,0.729,0.0212,0.305,0.1366,,,1,9,True,0.111,0.889,0.0,0.246,0.1636,39,0.2291,50,0,,,,,,2,,,,provisional
margiela,2027 SS,2026-09-29,rtw,0.1312,-0.882,,,-0.3036,,,0,4,False,0.5,0.25,0.25,0.639,,,,,0,,,,,,2,,,,provisional
max_mara,2015 AW,2015-02-26,rtw,,,,,,,,0,0,True,,,,,,,,,0,,,,,,0,,,,provisional
max_mara,2016 SS,2015-09-24,rtw,0.2888,-0.415,-0.0723,-0.454,,,,0,0,True,,,,,,,,,0,,,,,,0,,,,provisional
max_mara,2016 AW,2016-02-25,rtw,0.2226,-0.476,0.0121,0.237,-0.1728,,,0,0,True,,,,,,,,,0,,,,,,0,,,,provisional
max_mara,2017 SS,2016-09-22,rtw,0.5787,0.322,-0.0607,-0.632,-0.0302,,,0,0,True,,,,,,,,,0,,,,,,0,,,,provisional
max_mara,2017 AW,2017-02-23,rtw,0.4753,0.253,0.0055,0.007,-0.0467,,,0,0,True,,,,,,,,,0,,,,,,0,,,,provisional
max_mara,2018 SS,2017-09-21,rtw,0.5217,0.037,0.0733,0.115,-0.0082,,,0,0,True,,,,,,,,,0,,,,,,0,,,,provisional
max_mara,2018 AW,2018-02-22,rtw,0.4098,0.21,-0.013,0.121,0.0362,,,0,0,True,,,,,,,,,0,,,,,,0,,,,provisional
max_mara,2019 SS,2018-09-20,rtw,0.6766,-0.056,0.0963,0.664,-0.0201,,,0,0,True,,,,,,,,,0,,,,,,0,,,,provisional
max_mara,2019 AW,2019-02-21,rtw,0.5331,0.063,-0.0565,-0.368,0.0124,,,0,0,True,,,,,,,,,0,,,,,,0,,,,provisional
max_mara,2020 SS,2019-09-19,rtw,0.6809,0.378,0.1094,0.865,0.0355,,,0,0,True,,,,,,,,,0,,,,,,0,,,,provisional
max_mara,2020 AW,2020-02-20,rtw,0.3628,0.231,-0.375,-2.558,-0.0201,,,0,0,True,,,,,,,,,0,,,,,,0,,,,provisional
max_mara,2021 SS,2020-09-24,rtw,0.4876,0.55,-0.0152,-0.1,0.0205,,,0,0,True,,,,,,,,,0,,,,,,0,,,,provisional
max_mara,2021 AW,2021-02-25,rtw,0.5319,1.01,-0.1229,-0.561,-0.1055,,,0,0,True,,,,,,,,,0,,,,,,0,,,,provisional
max_mara,2022 SS,2021-09-23,rtw,0.6236,-0.045,0.0687,0.0,0.0483,,,0,0,True,,,,,,,,,0,,,,,,0,,,,provisional
max_mara,2022 AW,2022-02-24,rtw,0.0621,-0.849,-0.1484,-1.378,0.1329,,,0,0,True,,,,,,,,,0,,,,,,0,,,,provisional
max_mara,2023 SS,2022-09-22,rtw,0.5135,-0.016,-0.0927,-0.23,0.0665,,,0,0,True,,,,,,,,,0,,,,,,0,,,,provisional
max_mara,2023 AW,2023-02-23,rtw,0.1903,-0.087,-0.1375,-0.92,-0.0232,,,0,0,True,,,,,,,,,0,,,,,,0,,,,provisional
max_mara,2024 SS,2023-09-20,rtw,0.4665,0.171,0.2379,1.671,-0.0586,,,0,0,True,,,,,,,,,0,,,,,,0,,,,provisional
max_mara,2024 AW,2024-02-22,rtw,0.459,0.505,0.015,-0.186,0.0306,,,0,3,True,0.333,0.667,0.0,,,,,,0,,,,,,3,,,,provisional
max_mara,2025 SS,2024-09-19,rtw,0.5951,0.107,0.2978,1.618,-0.0163,,,0,0,True,,,,,,,,,0,,,,,,0,,,,provisional
max_mara,2025 AW,2025-02-27,rtw,0.3172,-0.585,-0.0219,-0.392,-0.0711,,,0,0,True,,,,,,,,,0,,,,,,0,,,,provisional
max_mara,2026 AW,2026-02-26,rtw,0.3578,0.698,0.0154,0.219,-0.0133,,,0,0,True,,,,,,,,,0,,,,,,0,,,,provisional
max_mara,2027 SS,2026-09-24,rtw,1.0781,2.347,,,0.0078,,,0,0,False,,,,,,,,,0,,,,,,0,,,,provisional
miu_miu,2015 AW,2015-03-11,rtw,,,,,,,,0,0,True,,,,,,,,,0,,,,,,0,,,,provisional
miu_miu,2016 SS,2015-10-07,rtw,0.3461,-0.259,-0.1951,-1.272,,,,0,0,True,,,,,,,,,0,,,,,,0,,,,provisional
miu_miu,2016 AW,2016-03-09,rtw,0.5854,0.986,0.0415,0.52,-0.0866,,,0,0,True,,,,,,,,,0,,,,,,0,,,,provisional
miu_miu,2017 SS,2016-10-05,rtw,0.3463,-0.865,0.0008,-0.143,-0.0585,,,0,0,True,,,,,,,,,0,,,,,,0,,,,provisional
miu_miu,2017 AW,2017-03-07,rtw,0.3016,-0.403,-0.0485,-0.439,0.2708,2.2591,-0.4922,0,0,True,,,,,,,,,0,,,,,,0,,,,provisional
miu_miu,2018 SS,2017-10-03,rtw,0.3638,-0.624,-0.2406,-1.576,-0.1025,,,0,0,True,,,,,,,,,0,,,,,,0,,,,provisional
miu_miu,2018 AW,2018-03-06,rtw,0.8295,1.41,-0.0768,-0.093,-0.1532,,,0,0,True,,,,,,,,,0,,,,,,0,,,,provisional
miu_miu,2019 SS,2018-10-02,rtw,0.6183,-0.174,-0.0988,-1.139,0.2555,,,0,0,True,,,,,,,,,0,,,,,,0,,,,provisional
miu_miu,2019 AW,2019-03-05,rtw,0.4576,-0.057,0.0198,0.145,0.0353,,,0,0,True,,,,,,,,,0,,,,,,0,,,,provisional
miu_miu,2020 SS,2019-10-01,rtw,0.7497,0.707,0.0172,0.052,-0.0296,,,0,0,True,,,,,,,,,0,,,,,,0,,,,provisional
miu_miu,2020 AW,2020-03-03,rtw,0.6272,1.166,-0.0584,-0.358,0.0232,,,0,0,True,,,,,,,,,0,,,,,,0,,,,provisional
miu_miu,2021 SS,2020-10-06,rtw,1.0079,2.723,0.1353,1.829,0.0042,,,0,0,True,,,,,,,,,0,,,,,,0,,,,provisional
miu_miu,2021 AW,2021-03-09,rtw,0.6145,1.466,-0.3017,-2.011,0.0584,,,0,0,True,,,,,,,,,0,,,,,,0,,,,provisional
miu_miu,2022 SS,2021-10-03,rtw,1.1363,0.994,0.1343,0.195,-0.1038,,,0,15,True,0.333,0.667,0.0,,0.1554,6,,,0,,,,,,10,,,,provisional
miu_miu,2022 AW,2022-03-08,rtw,0.8769,1.558,-0.0538,-0.446,0.1704,,,1,17,True,0.706,0.235,0.059,0.432,0.1741,22,0.2553,51,0,,,,,,15,,,,provisional
miu_miu,2023 SS,2022-10-04,rtw,1.2491,1.601,-0.0475,-0.082,-0.1714,,,0,11,True,0.364,0.545,0.091,0.342,0.2163,58,0.2475,56,0,,,,,,6,,,,provisional
miu_miu,2023 AW,2023-03-07,rtw,0.8856,2.582,-0.0717,-0.541,-0.1676,,,0,13,True,0.154,0.769,0.077,0.224,0.2049,36,0.1598,9,0,,,,,,3,,,,provisional
miu_miu,2024 SS,2023-10-03,rtw,1.1631,3.082,-0.0306,-0.546,0.0425,,,0,11,True,0.636,0.364,0.0,0.482,0.2271,62,0.1984,38,0,,,,,,7,,,,provisional
miu_miu,2024 AW,2024-03-05,rtw,0.9438,2.101,0.199,0.55,-0.0671,,,0,21,True,0.0,1.0,0.0,0.636,0.2475,68,0.1279,12,0,,,,,,0,,,,provisional
miu_miu,2025 SS,2024-10-01,rtw,0.8791,0.807,-0.1158,-0.833,-0.1113,,,0,16,True,0.0,1.0,0.0,0.0,0.1973,44,0.0936,6,0,,,,,,0,,,,provisional
miu_miu,2026 SS,2025-10-06,rtw,0.6089,0.182,-0.1666,-0.836,-0.2627,,,2,11,True,0.455,0.545,0.0,0.455,0.1754,41,0.0951,12,0,,,,,,4,,,,provisional
miu_miu,2026 AW,2026-03-10,rtw,0.3495,0.666,0.2145,1.093,-0.0273,,,1,11,True,0.455,0.545,0.0,0.0,0.1895,54,0.1856,34,0,,,,,,5,,,,provisional
miu_miu,2027 SS,2026-10-04,rtw,,,,,-0.1553,,,0,4,False,0.25,0.75,0.0,0.205,0.2592,33,0.3544,83,0,,,,,,2,,,,provisional
prada,2015 AW,2015-02-26,rtw,,,,,,,,0,0,True,,,,,,,,,0,,,,,,0,,,,provisional
prada,2016 SS,2015-09-24,rtw,0.0703,-1.008,-0.0978,-0.623,,,,0,0,True,,,,,,,,,0,,,,,,0,,,,provisional
prada,2016 AW,2016-02-25,rtw,0.1997,-0.568,0.0567,0.666,-0.0439,,,0,0,True,,,,,,,,,0,,,,,,0,,,,provisional
prada,2017 SS,2016-09-22,rtw,0.2931,-1.137,-0.0482,-0.532,-0.1234,,,0,0,True,,,,,,,,,0,,,,,,0,,,,provisional
prada,2017 AW,2017-02-23,rtw,0.1371,-1.025,-0.048,-0.435,-0.053,,,0,0,True,,,,,,,,,0,,,,,,0,,,,provisional
prada,2018 SS,2017-09-21,rtw,0.2912,-0.928,0.0666,0.079,-0.164,,,0,0,True,,,,,,,,,0,,,,,,0,,,,provisional
prada,2018 AW,2018-02-22,rtw,0.0671,-0.769,0.0647,0.382,0.0783,,,0,0,True,,,,,,,,,0,,,,,,0,,,,provisional
prada,2019 SS,2018-09-20,rtw,0.172,-1.073,-0.1445,-1.561,0.1179,,,0,0,True,,,,,,,,,0,,,,,,0,,,,provisional
prada,2019 AW,2019-02-21,rtw,0.4836,-0.016,0.0284,0.203,-0.0229,,,0,0,True,,,,,,,,,0,,,,,,0,,,,provisional
prada,2020 AW,2020-02-20,rtw,0.9795,2.411,0.0492,0.389,-0.1032,,,0,0,True,,,,,,,,,0,,,,,,0,,,,provisional
prada,2021 SS,2020-09-24,rtw,0.5854,0.959,0.0878,1.22,-0.1702,,,0,0,True,,,,,,,,,0,,,,,,0,,,,provisional
prada,2022 SS,2021-09-24,rtw,0.3578,-0.584,0.0337,-0.104,-0.1308,,,0,10,True,0.3,0.7,0.0,,0.1789,26,,,0,,,,,,9,,,,provisional
prada,2022 AW,2022-02-24,rtw,0.3587,0.028,-0.0505,-0.414,0.2518,,,0,12,True,0.167,0.833,0.0,0.133,0.1602,7,0.2321,44,0,,,,,,6,,,,provisional
prada,2023 SS,2022-09-22,rtw,0.3755,-0.319,0.1149,0.45,-0.1188,,,0,8,True,0.75,0.25,0.0,0.583,0.2113,77,,,0,,,,,,6,,,,provisional
prada,2023 AW,2023-02-23,rtw,0.071,-0.545,0.071,0.281,-0.1528,,,0,20,True,0.35,0.65,0.0,0.4,0.1467,22,0.2754,82,0,,,,,,13,,,,provisional
prada,2024 SS,2023-09-21,rtw,0.4735,0.2,-0.0077,-0.357,-0.1351,,,1,18,True,0.778,0.222,0.0,0.428,0.1352,21,0.2509,66,0,,,,,,17,,,,provisional
prada,2024 AW,2024-02-22,rtw,0.1409,-0.543,0.0295,-0.128,-0.1847,,,0,4,True,0.0,1.0,0.0,0.778,0.2104,47,0.2468,69,0,,,,,,4,,,,provisional
prada,2025 SS,2024-09-19,rtw,0.5111,-0.1,0.0654,0.241,-0.3472,,,1,6,True,0.0,1.0,0.0,0.0,0.1759,33,0.26,82,0,,,,,,2,,,,provisional
prada,2025 AW,2025-02-27,rtw,0.3925,-0.281,0.2714,1.686,-0.1484,,,2,7,True,0.0,0.857,0.143,0.143,0.226,33,0.3377,83,0,,,,,,4,,,,provisional
prada,2026 SS,2025-09-25,rtw,0.0946,-1.176,-0.0873,-0.354,-0.0041,,,0,16,True,0.188,0.812,0.0,0.188,0.1253,14,0.2931,75,0,,,,,,7,,,,provisional
prada,2026 AW,2026-02-26,rtw,0.1194,-0.211,0.2434,1.22,0.1901,,,1,10,True,0.5,0.5,0.0,0.312,0.1751,44,0.2191,43,0,,,,,,5,,,,provisional
prada,2027 SS,2026-09-22,rtw,0.503,0.386,,,-0.7838,,,1,4,False,0.0,1.0,0.0,0.5,0.1971,0,0.0797,17,0,,,,,,0,,,,provisional
saint_laurent,2015 AW,2015-03-09,rtw,,,,,,,,0,0,True,,,,,,,,,0,,,,,,0,,,,provisional
saint_laurent,2016 SS,2015-10-05,rtw,0.2998,-0.385,0.0729,0.514,,,,0,0,True,,,,,,,,,0,,,,,,0,,,,provisional
saint_laurent,2016 AW,2016-03-07,rtw,0.1205,-0.887,-0.0071,0.052,0.0376,,,0,0,True,,,,,,,,,0,,,,,,0,,,,provisional
saint_laurent,2017 SS,2016-09-27,rtw,0.5836,0.347,0.1093,0.72,-0.1178,,,0,0,True,,,,,,,,,0,,,,,,0,,,,provisional
saint_laurent,2017 AW,2017-02-28,rtw,0.2423,-0.627,0.0331,0.234,0.2277,,,0,0,True,,,,,,,,,0,,,,,,0,,,,provisional
saint_laurent,2018 SS,2017-09-26,rtw,0.3911,-0.51,-0.0422,-0.507,-0.2672,,,0,0,True,,,,,,,,,0,,,,,,0,,,,provisional
saint_laurent,2018 AW,2018-02-27,rtw,0.117,-0.627,-0.1348,-0.287,0.1466,,,0,0,True,,,,,,,,,0,,,,,,0,,,,provisional
saint_laurent,2019 SS,2018-09-25,rtw,0.7824,0.157,0.222,1.825,-0.1654,,,0,0,True,,,,,,,,,0,,,,,,0,,,,provisional
saint_laurent,2019 AW,2019-02-26,rtw,0.2523,-0.386,-0.0433,-0.279,-0.0411,,,0,0,True,,,,,,,,,0,,,,,,0,,,,provisional
saint_laurent,2020 SS,2019-09-24,rtw,0.6944,0.443,-0.0197,-0.274,0.0237,,,0,0,True,,,,,,,,,0,,,,,,0,,,,provisional
saint_laurent,2020 AW,2020-02-25,rtw,0.1963,-0.357,0.1543,1.12,-0.0104,,,0,0,True,,,,,,,,,0,,,,,,0,,,,provisional
saint_laurent,2022 SS,2021-09-28,rtw,0.4695,-0.357,0.0556,-0.039,-0.0828,,,0,7,True,0.714,0.286,0.0,,0.2219,91,,,0,,,,,,5,,,,provisional
saint_laurent,2022 AW,2022-03-01,rtw,0.2773,-0.213,0.0253,0.333,0.4116,,,0,7,True,0.714,0.286,0.0,0.0,0.1957,70,0.2189,50,0,,,,,,7,,,,provisional
saint_laurent,2023 SS,2022-09-27,rtw,0.2545,-0.585,0.0341,0.186,-0.2562,,,0,10,True,0.8,0.2,0.0,0.086,0.1817,46,0.2165,60,0,,,,,,8,,,,provisional
saint_laurent,2023 AW,2023-02-28,rtw,0.0293,-0.705,-0.0469,-0.398,0.3998,,,0,10,True,0.4,0.6,0.0,0.4,0.2112,56,0.2645,73,0,,,,,,6,,,,provisional
saint_laurent,2024 SS,2023-09-26,rtw,0.3025,-0.514,0.1152,0.658,-0.2189,,,0,9,True,0.333,0.667,0.0,0.067,0.18,54,0.211,47,0,,,,,,2,,,,provisional
saint_laurent,2024 AW,2024-02-27,rtw,0.1755,-0.429,0.0371,-0.098,0.1005,,,0,19,True,0.526,0.474,0.0,0.193,0.1287,20,0.2614,80,0,,,,,,9,,,,provisional
saint_laurent,2025 SS,2024-09-24,rtw,0.4394,-0.276,0.145,0.712,-0.0187,,,1,22,True,0.591,0.409,0.0,0.065,0.1094,7,0.1989,47,0,,,,,,15,,,,provisional
saint_laurent,2026 SS,2025-09-29,rtw,-0.1551,-1.836,-0.4196,-2.374,-0.0216,,,0,20,True,0.5,0.5,0.0,0.091,0.1224,16,0.1427,15,0,,,,,,7,,,,provisional
saint_laurent,2026 AW,2026-03-03,rtw,-0.0391,-0.815,-0.0957,-0.269,-0.0976,,,0,19,True,0.632,0.316,0.053,0.184,0.1208,10,0.1909,34,0,,,,,,16,,,,provisional
saint_laurent,2027 SS,2026-09-29,rtw,0.2401,-0.51,,,-0.326,,,0,0,False,,,,,,,,,0,,,,,,0,,,,provisional
tom_ford,2015 AW,2015-02-23,rtw,,,,,,,,0,0,True,,,,,,,,,0,,,,,,0,,,,provisional
tom_ford,2018 SS,2017-09-07,rtw,,,,,,,,0,0,True,,,,,,,,,0,,,,,,0,,,,provisional
tom_ford,2018 AW,2018-02-09,rtw,,,,,,,,0,0,True,,,,,,,,,0,,,,,,0,,,,provisional
tom_ford,2019 SS,2018-09-06,rtw,,,,,,,,0,0,True,,,,,,,,,0,,,,,,0,,,,provisional
tom_ford,2019 AW,2019-02-07,rtw,,,,,,,,0,0,True,,,,,,,,,0,,,,,,0,,,,provisional
tom_ford,2020 SS,2019-09-10,rtw,,,,,,,,0,0,True,,,,,,,,,0,,,,,,0,,,,provisional
tom_ford,2020 AW,2020-02-11,rtw,,,,,,,,0,0,True,,,,,,,,,0,,,,,,0,,,,provisional
tom_ford,2021 SS,2020-09-16,rtw,,,,,,,,0,0,True,,,,,,,,,0,,,,,,0,,,,provisional
tom_ford,2021 AW,2021-02-24,rtw,,,,,,,,0,0,True,,,,,,,,,0,,,,,,0,,,,provisional
tom_ford,2022 SS,2021-09-13,rtw,1.2688,1.263,0.5028,1.288,-0.014,,,0,0,True,,,,,,,,,0,,,,,,0,,,,provisional
tom_ford,2023 SS,2022-09-14,rtw,-0.1908,-1.564,-0.5372,-1.687,0.002,,,0,4,True,0.0,1.0,0.0,,0.1955,50,,,0,,,,,,1,,,,provisional
tom_ford,2024 SS,2023-09-21,rtw,0.5597,0.561,0.1872,1.253,-0.2931,,,0,12,True,0.333,0.667,0.0,0.333,0.1944,58,0.2418,54,0,,,,,,7,,,,provisional
tom_ford,2024 AW,2024-02-22,rtw,0.1752,-0.43,0.0326,-0.116,0.2866,,,0,19,True,0.579,0.421,0.0,0.246,0.2559,62,0.1627,40,0,,,,,,11,,,,provisional
tom_ford,2025 AW,2025-03-05,rtw,0.8023,1.372,0.1465,0.801,0.0,,,0,12,True,0.833,0.167,0.0,0.254,0.1884,44,0.1695,38,0,,,,,,8,,,,provisional
tom_ford,2026 SS,2025-10-01,rtw,0.6346,0.25,0.1983,1.382,-0.0463,,,0,10,True,1.0,0.0,0.0,0.167,0.2506,92,0.2367,62,0,,,,,,8,,,,provisional
tom_ford,2026 AW,2026-03-04,rtw,0.2027,0.107,-0.2601,-0.991,-0.2627,,,0,6,True,0.333,0.667,0.0,0.667,0.42,100,,,0,,,,,,2,,,,provisional
tom_ford,2027 SS,2026-09-30,rtw,0.4033,0.046,,,-0.2399,,,0,0,False,,,,,,,,,0,,,,,,0,,,,provisional
valentino,2015 AW,2015-03-10,rtw,,,,,,,,0,0,True,,,,,,,,,0,,,,,,0,,,,provisional
valentino,2016 SS,2015-10-06,rtw,0.4258,-0.043,-0.0431,-0.259,,,,0,0,True,,,,,,,,,0,,,,,,0,,,,provisional
valentino,2016 AW,2016-03-08,rtw,0.2631,-0.313,0.0656,0.752,-0.0893,,,0,0,True,,,,,,,,,0,,,,,,0,,,,provisional
valentino,2017 SS,2016-10-02,rtw,0.739,1.141,-0.0521,-0.563,0.0344,,,0,0,True,,,,,,,,,0,,,,,,0,,,,provisional
valentino,2017 AW,2017-03-05,rtw,0.2624,-0.551,0.0507,0.379,-0.0627,,,0,0,True,,,,,,,,,0,,,,,,0,,,,provisional
valentino,2018 SS,2017-10-01,rtw,0.6585,0.609,0.0226,-0.158,0.0912,,,0,0,True,,,,,,,,,0,,,,,,0,,,,provisional
valentino,2018 AW,2018-03-04,rtw,0.3066,-0.085,0.037,0.289,-0.0433,,,0,0,True,,,,,,,,,0,,,,,,0,,,,provisional
valentino,2019 SS,2018-09-30,rtw,0.2489,-0.918,-0.0987,-1.138,-0.0723,,,0,0,True,,,,,,,,,0,,,,,,0,,,,provisional
valentino,2019 AW,2019-03-03,rtw,0.6182,0.199,-0.0535,-0.348,0.1603,,,0,0,True,,,,,,,,,0,,,,,,0,,,,provisional
valentino,2020 SS,2019-09-29,rtw,0.609,0.035,-0.0342,-0.401,0.052,,,0,0,True,,,,,,,,,0,,,,,,0,,,,provisional
valentino,2020 AW,2020-03-01,rtw,0.1518,-0.514,0.0424,0.342,-0.1359,,,0,0,True,,,,,,,,,0,,,,,,0,,,,provisional
valentino,2021 SS,2020-09-27,rtw,0.4426,0.362,-0.1064,-1.269,-0.1621,,,0,0,True,,,,,,,,,0,,,,,,0,,,,provisional
valentino,2021 AW,2021-03-01,rtw,0.4826,0.738,0.0829,1.109,-0.0247,,,1,0,True,,,,,,,,,0,,,,,,0,,,,provisional
valentino,2022 SS,2021-10-01,rtw,0.3314,-0.637,-0.0609,-0.384,0.0228,,,0,9,True,0.444,0.556,0.0,,0.2149,49,,,0,,,,,,5,,,,provisional
valentino,2022 AW,2022-03-06,rtw,0.5796,0.68,0.0183,0.264,0.1905,,,0,20,True,0.25,0.65,0.1,0.194,0.1615,11,0.1561,39,0,,,,,,8,,,,provisional
valentino,2023 SS,2022-10-02,rtw,0.685,0.361,0.0244,0.154,0.0322,,,0,20,True,0.4,0.5,0.1,0.15,0.2183,69,0.1992,35,0,,,,,,7,,,,provisional
valentino,2023 AW,2023-03-05,rtw,0.2052,-0.03,-0.159,-1.044,0.0847,,,1,13,True,0.308,0.692,0.0,0.192,0.1411,15,0.2662,64,0,,,,,,12,,,,provisional
valentino,2024 SS,2023-10-01,rtw,0.4555,0.125,0.0068,-0.237,0.1489,,,0,13,True,0.231,0.769,0.0,0.077,0.1656,42,0.1735,27,0,,,,,,10,,,,provisional
valentino,2024 AW,2024-03-03,rtw,0.2436,-0.204,0.0392,-0.089,-0.0038,,,2,13,True,0.615,0.385,0.0,0.384,0.1639,39,0.1483,31,0,,,,,,13,,,,provisional
valentino,2025 SS,2024-09-29,rtw,1.0592,1.251,0.0586,0.201,-0.1626,,,0,16,True,0.5,0.5,0.0,0.115,0.1875,44,0.3096,84,0,,,,,,10,,,,provisional
valentino,2025 AW,2025-03-09,rtw,0.3458,-0.47,0.0065,-0.191,0.0183,,,1,17,True,0.824,0.176,0.0,0.324,0.2378,67,0.1607,29,0,,,,,,14,,,,provisional
valentino,2026 SS,2025-10-05,rtw,0.8722,0.877,0.2361,1.611,-0.2185,,,0,10,True,0.6,0.4,0.0,0.224,0.2131,63,0.2794,55,0,,,,,,7,,,,provisional
valentino,2026 AW,2026-03-12,rtw,-0.7243,-3.427,-0.8471,-3.569,-0.0519,,,2,9,True,0.444,0.556,0.0,0.156,0.182,43,0.2514,70,0,,,,,,3,,,,provisional
valentino,2027 SS,2026-10-04,rtw,,,,,-0.1898,,,0,0,False,,,,,,,,,0,,,,,,0,,,,provisional
versace,2015 AW,2015-02-27,rtw,,,,,,,,0,0,True,,,,,,,,,0,,,,,,0,,,,provisional
versace,2016 SS,2015-09-25,rtw,0.1495,-0.793,-0.0562,-0.346,,,,0,0,True,,,,,,,,,0,,,,,,0,,,,provisional
versace,2016 AW,2016-02-26,rtw,0.8268,1.958,-0.0356,-0.222,0.1469,,,0,0,True,,,,,,,,,0,,,,,,0,,,,provisional
versace,2017 SS,2016-09-23,rtw,0.5379,0.113,0.3233,2.421,-0.0666,,,0,0,True,,,,,,,,,0,,,,,,0,,,,provisional
versace,2017 AW,2017-02-24,rtw,0.5103,0.385,-0.2184,-1.84,0.2595,,,0,0,True,,,,,,,,,0,,,,,,0,,,,provisional
versace,2018 SS,2017-09-22,rtw,1.0994,2.453,0.6285,3.106,-0.0983,,,0,0,True,,,,,,,,,0,,,,,,0,,,,provisional
versace,2018 AW,2018-02-23,rtw,-0.3933,-2.085,-1.0839,-3.471,0.6145,,,0,0,True,,,,,,,,,0,,,,,,0,,,,provisional
versace,2019 SS,2018-09-21,rtw,1.7567,2.12,0.1285,0.961,-0.3869,,,0,0,True,,,,,,,,,0,,,,,,0,,,,provisional
versace,2019 AW,2019-02-22,rtw,0.2173,-0.442,-0.5092,-3.414,-0.3038,,,0,0,True,,,,,,,,,0,,,,,,0,,,,provisional
versace,2020 SS,2019-09-20,rtw,0.6172,0.074,-0.2462,-2.271,-0.0873,,,1,0,True,,,,,,,,,0,,,,,,0,,,,provisional
versace,2020 AW,2020-02-21,rtw,0.1086,-0.667,-0.0087,-0.013,-0.0687,,,0,0,True,,,,,,,,,0,,,,,,0,,,,provisional
versace,2021 SS,2020-09-25,rtw,0.2221,-0.559,-0.003,0.056,-0.1358,,,0,0,True,,,,,,,,,0,,,,,,0,,,,provisional
versace,2021 AW,2021-03-06,rtw,0.2411,-0.595,0.0905,1.171,0.122,,,0,0,True,,,,,,,,,0,,,,,,0,,,,provisional
versace,2022 SS,2021-09-24,rtw,0.6455,-0.001,-0.0804,-0.442,-0.0573,,,0,5,True,0.8,0.2,0.0,,0.1883,45,,,0,,,,,,4,,,,provisional
versace,2022 AW,2022-02-25,rtw,0.102,-0.731,-0.0348,-0.259,0.2823,,,0,10,True,0.4,0.5,0.1,0.4,0.2166,63,0.2372,62,0,,,,,,6,,,,provisional
versace,2023 SS,2022-09-23,rtw,0.2139,-0.675,-0.0556,-0.108,-0.173,,,0,12,True,0.583,0.417,0.0,0.183,0.1992,52,0.2237,44,0,,,,,,5,,,,provisional
versace,2023 AW,2023-03-02,rtw,0.6179,1.554,0.1492,0.732,0.0149,,,0,22,True,0.5,0.5,0.0,0.083,0.1258,16,0.164,20,0,,,,,,14,,,,provisional
versace,2024 AW,2024-02-23,rtw,0.3219,0.053,0.1081,0.186,0.1382,,,2,15,True,0.2,0.8,0.0,0.3,0.1362,16,0.1803,42,0,,,,,,7,,,,provisional
versace,2025 SS,2024-09-20,rtw,0.3008,-0.618,-0.2248,-1.478,0.1886,,,1,12,True,0.5,0.5,0.0,0.3,0.1756,30,0.2613,61,0,,,,,,6,,,,provisional
versace,2025 AW,2025-02-28,rtw,0.6387,0.712,0.1149,0.577,0.118,,,1,0,True,,,,,,,,,0,,,,,,0,,,,provisional
versace,2026 SS,2025-09-26,rtw,0.0299,-1.347,-0.1663,-0.835,-0.257,,,1,3,True,1.0,0.0,0.0,0.5,0.209,58,0.2549,75,0,,,,,,3,,,,provisional
zegna,2015 AW,2015-01-17,men,,,,,,,,0,0,True,,,,,,,,,0,,,,,,0,,,,provisional
zegna,2016 SS,2015-06-20,men,,,,,,,,0,0,True,,,,,,,,,0,,,,,,0,,,,provisional
zegna,2016 AW,2016-01-16,men,,,,,,,,0,0,True,,,,,,,,,0,,,,,,0,,,,provisional
zegna,2017 AW,2017-01-13,men,,,,,,,,0,0,True,,,,,,,,,0,,,,,,0,,,,provisional
zegna,2018 SS,2017-06-16,men,,,,,,,,0,0,True,,,,,,,,,0,,,,,,0,,,,provisional
zegna,2018 AW,2018-01-12,men,,,,,,,,0,0,True,,,,,,,,,0,,,,,,0,,,,provisional
zegna,2019 SS,2018-06-15,men,,,,,,,,0,0,True,,,,,,,,,0,,,,,,0,,,,provisional
zegna,2019 AW,2019-01-11,men,,,,,,,,0,0,True,,,,,,,,,0,,,,,,0,,,,provisional
zegna,2020 SS,2019-06-14,men,,,,,,,,0,0,True,,,,,,,,,0,,,,,,0,,,,provisional
zegna,2020 AW,2020-01-10,men,,,,,,,,0,0,True,,,,,,,,,0,,,,,,0,,,,provisional
zegna,2021 AW,2021-01-15,men,,,,,,,,0,0,True,,,,,,,,,0,,,,,,0,,,,provisional
zegna,2022 SS,2021-06-18,men,0.1823,0.297,0.1675,1.585,3.3323,,,0,0,True,,,,,,,,,0,,,,,,0,,,,provisional
zegna,2022 AW,2022-01-14,men,0.1166,-0.304,-0.083,-0.53,0.0191,,,0,22,True,0.727,0.273,0.0,,0.1819,44,,,0,,,,,,17,,,,provisional
zegna,2023 SS,2022-06-20,men,0.2493,-0.012,-0.1106,-0.117,-0.1036,,,0,16,True,0.625,0.375,0.0,0.102,0.1998,58,0.1067,0,0,,,,,,13,,,,provisional
zegna,2023 AW,2023-01-16,men,0.4576,0.671,0.1439,1.094,-0.0819,,,0,14,True,0.571,0.429,0.0,0.054,0.2726,81,0.2075,39,0,,,,,,14,,,,provisional
zegna,2024 SS,2023-06-19,men,0.1195,-0.365,-0.0062,-0.057,0.146,,,1,14,True,0.571,0.357,0.071,0.072,0.1789,58,0.2275,54,0,,,,,,11,,,,provisional
zegna,2024 AW,2024-01-15,men,0.4692,0.686,0.1039,0.204,0.0383,,,0,19,True,0.263,0.684,0.053,0.327,0.2122,66,0.21,68,0,,,,,,9,,,,provisional
zegna,2025 SS,2024-06-17,men,0.1842,-0.192,0.0604,1.122,-0.0655,,,1,21,True,0.19,0.81,0.0,0.126,0.3617,92,0.1596,30,0,,,,,,5,,,,provisional
zegna,2025 AW,2025-01-20,men,0.3391,-0.005,-0.0409,-0.629,-0.0631,,,0,16,True,0.375,0.562,0.062,0.247,0.3217,86,0.1347,23,0,,,,,,6,,,,provisional
zegna,2026 SS,2025-06-23,men,-0.03,-1.658,-0.0512,-0.568,-0.1894,,,0,13,True,0.615,0.308,0.077,0.255,0.27,85,0.1382,15,0,,,,,,7,,,,provisional
zegna,2026 AW,2026-01-16,men,0.3845,-0.202,-0.0797,-0.556,0.0732,,,0,10,True,0.6,0.2,0.2,0.123,0.3038,100,0.2242,50,0,,,,,,7,,,,provisional
zegna,2027 SS,2026-06-20,men,-0.2059,-0.64,-0.0636,-0.248,-0.0887,,,2,4,False,0.75,0.25,0.0,0.2,0.3061,50,0.2417,50,0,,,,,,3,,,,provisional
