house,date,spike,surprise,lasting,reception,press_spike,momentum,log_reach_after,alignment
alaia,2025-03-04,0.3635,,0.364,,,-0.2099,,
alaia,2025-10-04,0.424,,0.0523,,,-0.2112,,
alaia,2026-03-04,0.2541,-0.1396,-0.0486,,,0.1967,,
balenciaga,2015-10-02,1.0366,,-0.1467,,,,,
balenciaga,2016-03-06,0.8793,,-0.0432,,,-0.0494,,
balenciaga,2016-10-02,0.6724,-0.2856,-0.0569,,,0.0361,,
balenciaga,2017-03-05,0.4637,-0.3991,0.278,,,0.2166,,
balenciaga,2017-10-01,0.8268,0.0639,0.2121,,,-0.0058,,
balenciaga,2018-03-04,0.3515,-0.4242,0.1886,,,0.3871,,
balenciaga,2018-09-30,0.4249,-0.2802,0.045,,,0.0339,,
balenciaga,2019-03-03,0.2038,-0.4613,0.1304,,,0.1208,,
balenciaga,2019-09-29,0.5342,-0.0732,-0.0268,,,-0.0106,,
balenciaga,2020-03-01,0.2707,-0.3285,-0.2329,,,-0.0401,,
balenciaga,2020-10-04,0.2823,-0.2841,-0.106,,,0.0361,,
balenciaga,2021-10-02,1.0816,0.5411,0.1219,,,0.0357,,
balenciaga,2022-03-06,1.0982,0.5125,0.1013,,,0.073,,
balenciaga,2022-10-02,1.7235,1.0985,0.8657,,,-0.1094,,
balenciaga,2023-03-05,-0.1311,-0.8346,0.2492,,,-0.8554,,
balenciaga,2023-10-01,0.3002,-0.3477,0.1852,,,-0.3911,,
balenciaga,2024-03-03,0.006,-0.6201,-0.1275,,,0.3766,,
balenciaga,2024-09-30,0.249,-0.3407,-0.0513,,,-0.0728,,
balenciaga,2025-03-09,0.7201,0.1494,-0.1766,,,-0.3184,,
balenciaga,2025-10-04,1.3953,0.8167,0.0388,,,-0.1119,,
balenciaga,2026-03-07,0.4258,-0.1936,0.1085,,,-0.0689,,
bottega_veneta,2015-09-26,0.1854,,-0.0805,,,,,
bottega_veneta,2016-02-27,0.0219,,0.1272,,,-0.0462,,
bottega_veneta,2016-09-24,0.5745,0.4709,-0.0647,,,0.129,,
bottega_veneta,2017-02-25,0.1521,-0.1084,0.0432,,,-0.116,,
bottega_veneta,2017-09-23,0.4192,0.1857,-0.073,,,0.0958,,
bottega_veneta,2018-02-10,0.36,0.0894,-0.1447,,,0.0202,,
bottega_veneta,2019-02-23,0.4922,0.2067,0.1625,,,0.1078,,
bottega_veneta,2019-09-19,0.395,0.08,0.0155,,,0.1023,,
bottega_veneta,2020-02-22,0.3545,0.0294,-0.1609,,,0.0971,,
bottega_veneta,2022-02-26,0.4493,0.121,-0.1298,,,-0.1087,,
bottega_veneta,2023-02-25,0.5863,0.2459,-0.0096,,,0.0307,,
bottega_veneta,2023-09-23,0.4642,0.1014,-0.0401,,,-0.0307,,
bottega_veneta,2024-02-24,0.2769,-0.0943,-0.0954,,,0.2114,,
bottega_veneta,2024-09-21,0.8823,0.5183,0.0638,,,-0.0654,,
bottega_veneta,2025-09-27,0.935,0.534,-0.198,,,0.0355,,
bottega_veneta,2026-02-28,0.3275,-0.109,0.0573,,,-0.1481,,
brunello_cucinelli,2025-06-20,0.2177,,0.1095,,,-0.2226,,
brunello_cucinelli,2026-01-16,0.2991,,-0.3528,,,0.2644,,
brunello_cucinelli,2026-06-19,0.0976,-0.1608,0.2048,,,-0.1656,,
burberry,2015-09-21,0.8087,,0.2221,,,,,
burberry,2016-02-22,0.2374,,-0.1173,,,-0.0317,,
burberry,2016-09-19,0.3719,-0.1512,0.2994,,,-0.0528,,
burberry,2017-02-20,0.9701,0.4974,-0.1378,0.5404,2.0275,-0.1694,,
burberry,2017-09-16,0.5161,-0.081,0.1874,-0.4408,2.8313,-0.0648,,
burberry,2018-02-17,1.0173,0.4364,-0.0952,,,0.0142,,
burberry,2018-09-17,0.4634,-0.1902,-0.0999,,,0.1805,,
burberry,2019-02-17,0.9057,0.2792,-0.0316,,,-0.002,,
burberry,2019-09-16,0.5377,-0.1236,0.2137,,,-0.0614,,
burberry,2020-02-17,0.6825,0.0349,-0.0742,,,-0.0332,,
burberry,2020-09-17,0.3015,-0.3496,0.0466,,,-0.167,,
burberry,2022-03-11,0.2909,-0.3284,0.0043,,,-0.1059,,
burberry,2023-02-20,0.4662,-0.1257,-0.1277,,,0.0327,,
burberry,2023-09-18,0.4699,-0.1123,0.0257,,,0.1452,,
burberry,2024-02-19,0.2041,-0.3701,0.1101,,,0.1399,,
burberry,2024-09-16,0.3671,-0.1825,-0.0632,,,-0.2621,,
burberry,2025-02-24,0.2047,-0.3334,-0.0286,,,-0.2078,,
burberry,2025-09-22,0.2999,-0.2186,0.1077,,,-0.0411,,
burberry,2026-02-23,0.0223,-0.4841,-0.0655,,,-0.0554,,
celine,2015-10-04,0.3027,,0.0486,,,,,
celine,2016-03-06,0.1408,,-0.1012,,,-0.0047,,
celine,2016-10-02,0.3536,0.1319,-0.0615,,,-0.0682,,
celine,2017-03-05,0.2268,-0.0389,0.001,0.7722,1.9836,0.1169,,
celine,2017-10-01,0.3323,0.0763,0.0085,,,0.0163,,
celine,2018-09-28,2.3887,2.1174,-0.0651,,,0.2388,,
celine,2019-03-01,0.5839,-0.0402,-0.0009,,,-0.0139,,
celine,2019-09-27,0.8351,0.2167,0.034,,,-0.1529,,
celine,2020-02-28,0.3751,-0.2703,0.0486,,,-0.0733,,
celine,2022-03-19,0.0522,-0.5633,0.1126,,,0.1367,,
celine,2025-09-30,0.1104,-0.4487,-0.1204,,,-0.0381,,
celine,2026-03-07,0.1621,-0.3562,0.0694,,,-0.027,,
chanel,2015-10-06,0.6219,,0.0654,,,,,
chanel,2016-03-08,0.439,,0.0209,,,-0.112,,
chanel,2016-10-04,0.5255,-0.005,0.0156,,,-0.0356,,
chanel,2017-03-07,0.3975,-0.1313,0.0639,0.0428,1.1397,0.0319,,
chanel,2017-10-03,0.1727,-0.3232,-0.1558,-0.3534,1.1944,0.0321,,
chanel,2018-03-06,0.1695,-0.2618,0.012,-0.1836,1.3932,0.0024,,
chanel,2018-10-02,0.3974,0.0098,0.1075,-0.4723,1.3,0.0498,,
chanel,2019-03-05,0.3651,-0.024,-0.0279,0.4825,1.3223,0.3251,,
chanel,2019-10-01,0.3603,-0.0257,-0.1222,-0.854,1.8893,0.0296,,
chanel,2020-03-03,0.0224,-0.3608,0.2907,-0.1575,1.0819,-0.1973,,
chanel,2020-10-06,0.3572,0.0101,-0.0009,-0.6131,0.8359,-0.2436,,
chanel,2021-03-09,0.4846,0.1366,0.0308,-0.1283,0.9401,0.0142,,
chanel,2021-10-03,0.31,-0.0494,0.1406,0.4073,1.1584,-0.0065,,
chanel,2022-03-08,0.0633,-0.2923,-0.0056,-0.7916,1.1812,0.0069,,
chanel,2022-10-04,0.1419,-0.1928,-0.1479,0.206,0.9006,0.1466,,
chanel,2023-03-07,0.1512,-0.1707,0.1325,1.3483,2.2817,0.0366,,
chanel,2023-10-03,0.1545,-0.1567,0.1292,-0.1164,0.7321,-0.0135,,
chanel,2024-03-05,0.2917,-0.0102,0.016,0.5339,0.6099,0.1621,,
chanel,2024-10-01,0.271,-0.0305,-0.0327,-0.9872,0.9931,-0.2869,,
chanel,2025-03-11,0.1095,-0.1904,-0.0347,0.1548,0.6644,-0.0805,,
chanel,2025-10-06,0.7621,0.4718,0.0901,0.233,1.6501,0.1541,,
chanel,2026-03-09,0.0798,-0.233,-0.1181,0.1182,1.4661,-0.1757,,
chloe,2015-10-01,0.8444,,0.0986,,,,,
chloe,2016-03-03,0.4216,,0.1335,,,-0.0449,,
chloe,2016-09-29,0.4312,-0.2018,0.0925,,,-0.0808,,
chloe,2017-03-02,0.5092,-0.0565,-0.1405,,,0.1103,,
chloe,2017-09-28,0.7694,0.2178,-0.0922,,,-0.082,,
chloe,2018-03-01,0.4139,-0.1813,0.1054,,,0.0395,,
chloe,2018-09-27,0.7246,0.1597,-0.0072,,,-0.0867,,
chloe,2019-02-28,0.5231,-0.0647,0.0602,,,0.0819,,
chloe,2019-09-26,0.5525,-0.0272,-0.0403,,,-0.1411,,
chloe,2020-02-27,0.2772,-0.2995,0.0463,,,-0.1192,,
chloe,2020-10-01,0.2252,-0.3215,-0.0496,,,-0.0536,,
chloe,2021-03-03,0.6181,0.1006,0.0351,,,-0.0853,,
chloe,2021-09-30,0.3156,-0.2103,-0.0894,,,0.0641,,
chloe,2022-03-03,0.3781,-0.1316,0.0463,,,0.0619,,
chloe,2022-09-29,0.5288,0.0285,-0.0582,,,-0.016,,
chloe,2023-03-02,0.0967,-0.4055,0.2262,,,0.0689,,
chloe,2023-09-28,0.6201,0.1432,0.0842,,,-0.1974,,
chloe,2024-02-29,1.0074,0.5221,0.3427,,,-0.2034,,
chloe,2024-09-26,0.5797,0.0654,-0.2746,,,-0.239,,
chloe,2025-03-06,0.4752,-0.0425,-0.0012,,,-0.1151,,
chloe,2025-10-05,0.4045,-0.1111,-0.0115,,,0.0836,,
chloe,2026-03-05,0.3275,-0.1828,0.0962,,,-0.1763,,
dior,2015-10-02,0.2452,,0.123,,,,,
dior,2016-03-04,0.1835,,-0.0456,,,-0.0105,,
dior,2016-09-30,0.3954,0.1811,-0.0119,,,-0.0481,,
dior,2017-03-03,0.0214,-0.2532,-0.136,0.3582,1.0279,0.3231,,
dior,2017-09-26,0.3161,0.1047,-0.0891,-0.2508,1.2259,0.0127,,
dior,2018-02-27,0.0567,-0.1756,-0.0114,-0.1395,0.9695,0.0567,,
dior,2018-09-24,0.5138,0.3108,-0.0542,-0.1388,1.1514,-0.0421,,
dior,2019-02-26,0.3609,0.1134,0.1913,-0.1695,1.9398,0.1789,,
dior,2020-02-25,0.116,-0.1456,-0.0081,-0.4584,1.0415,0.121,,
dior,2020-09-29,0.07,-0.1755,0.0881,-0.4765,1.5231,-0.0004,,
dior,2021-03-08,0.091,-0.1369,-0.0099,0.3297,0.4733,0.0876,,
dior,2021-09-28,0.3484,0.1329,-0.1305,-0.1084,1.7683,-0.0783,,
dior,2022-03-01,0.1607,-0.0658,0.1372,-0.6189,1.5481,0.0706,,
dior,2022-09-27,0.1493,-0.0721,0.2338,-0.3097,0.9332,-0.1691,,
dior,2023-02-28,-0.0471,-0.2634,-0.1635,0.0335,0.9121,0.3591,,
dior,2023-09-26,0.2125,0.0138,0.1207,-0.5145,1.1408,-0.2144,,
dior,2024-02-27,0.3378,0.1382,-0.1365,0.7605,0.7367,0.2828,,
dior,2024-09-24,-0.1058,-0.3135,-0.0506,-0.214,1.1735,-0.0151,,
dior,2025-03-04,0.3381,0.1478,-0.1518,-0.1135,0.9085,0.1914,,
dior,2025-10-01,0.435,0.2369,-0.2149,0.4979,1.1143,0.0445,,
dior,2026-03-03,-0.0229,-0.2329,0.0219,-0.2934,0.8838,0.0747,,
dolce_gabbana,2015-09-27,-0.2635,,-0.3763,,,,,
dolce_gabbana,2016-02-28,0.1937,,-0.0954,,,0.0819,,
dolce_gabbana,2016-09-25,0.5348,0.5698,0.1122,,,-0.0867,,
dolce_gabbana,2017-02-26,0.485,0.33,0.1394,0.8888,1.7923,0.1697,,
dolce_gabbana,2017-09-24,0.4958,0.2583,0.2112,0.1518,2.0081,-0.2507,,
dolce_gabbana,2018-02-25,0.334,0.0448,0.1402,-0.4752,2.4251,0.1214,,
dolce_gabbana,2018-09-23,0.8838,0.5872,0.2424,,,0.0759,,
dolce_gabbana,2019-02-24,0.0052,-0.3753,0.2033,,,-0.2946,,
dolce_gabbana,2020-02-23,0.3193,-0.0144,-0.1253,,,-0.0085,,
dolce_gabbana,2020-09-23,0.0384,-0.2936,-0.0961,,,-0.0767,,
dolce_gabbana,2021-03-01,0.2359,-0.0668,-0.2295,,,-0.06,,
dolce_gabbana,2021-09-25,0.0322,-0.2644,-0.2899,,,0.1413,,
dolce_gabbana,2022-02-26,-0.0382,-0.3127,0.1309,,,-0.0434,,
dolce_gabbana,2022-09-24,1.2786,1.0281,0.1574,,,-0.1813,,
dolce_gabbana,2023-02-25,0.1381,-0.1858,0.4458,,,-0.1435,,
dolce_gabbana,2023-09-23,0.1492,-0.1624,-0.159,,,-0.1635,,
dolce_gabbana,2024-02-24,0.0517,-0.2497,-0.0013,,,-0.2014,,
dolce_gabbana,2024-09-21,0.718,0.4313,-0.0926,,,-0.0916,,
dolce_gabbana,2025-03-01,0.1672,-0.1435,0.0082,,,0.0039,,
dolce_gabbana,2025-09-27,0.2953,-0.0078,-0.0714,,,0.088,,
dolce_gabbana,2026-02-28,0.3685,0.0658,0.1018,,,0.1541,,
dries_van_noten,2015-09-30,0.7359,,-0.2305,,,,,
dries_van_noten,2016-03-02,0.6301,,-0.316,,,-0.0151,,
dries_van_noten,2016-09-28,0.7751,0.0921,-0.0642,,,0.0523,,
dries_van_noten,2017-03-01,1.1844,0.4707,-0.1466,-0.3237,4.1263,0.0512,,
dries_van_noten,2017-09-27,0.7843,-0.0471,0.308,,,0.1317,,
dries_van_noten,2018-02-28,0.1312,-0.6907,-0.6117,,,0.6595,,
dries_van_noten,2018-09-26,0.6757,-0.0312,-0.0021,,,0.0222,,
dries_van_noten,2019-02-27,0.2459,-0.4565,0.0108,,,0.0535,,
dries_van_noten,2019-09-25,0.7715,0.1261,-0.1549,,,0.0671,,
dries_van_noten,2020-02-26,0.2768,-0.3825,0.1118,,,-0.1579,,
dries_van_noten,2021-03-03,0.2892,-0.3319,-0.1587,,,-0.0489,,
dries_van_noten,2022-09-28,0.6367,0.0458,0.0267,,,-0.1657,,
dries_van_noten,2023-03-01,0.3794,-0.2153,-0.0153,,,0.0431,,
dries_van_noten,2023-09-27,0.7001,0.1219,0.0114,,,0.0115,,
dries_van_noten,2024-02-28,0.8048,0.2179,0.3803,,,0.1194,,
dries_van_noten,2024-09-25,0.7576,0.1562,0.0837,,,-0.3154,,
dries_van_noten,2025-03-05,0.5438,-0.0674,0.0826,,,0.1462,,
dries_van_noten,2025-09-30,0.5458,-0.0615,0.1103,,,-0.0627,,
dries_van_noten,2026-03-04,0.3229,-0.2809,0.2978,,,-0.0069,,
fendi,2015-09-24,0.2562,,0.0178,,,,,
fendi,2016-02-25,0.4688,,0.0152,,,-0.0819,,
fendi,2016-09-22,1.087,0.7244,-0.143,,,-0.0199,,
fendi,2017-02-23,0.5491,-0.0549,0.1132,-0.7233,2.1558,0.0377,,
fendi,2017-09-21,0.4952,-0.0951,-0.0932,,,-0.0937,,
fendi,2018-02-22,1.3717,0.8004,0.3455,,,0.0468,,
fendi,2018-09-20,0.9628,0.2581,0.1866,,,-0.0949,,
fendi,2019-02-21,3.248,2.5065,-0.0907,,,0.2235,,
fendi,2019-09-19,0.5674,-0.4874,-0.0881,,,-0.0455,,
fendi,2020-02-20,0.23,-0.7707,-0.0138,,,-0.1712,,
fendi,2020-09-23,0.3593,-0.5644,-0.121,,,0.0266,,
fendi,2021-02-24,0.2546,-0.6177,-0.1598,,,0.1386,,
fendi,2021-09-22,0.3028,-0.5181,0.0393,,,0.2079,,
fendi,2022-02-23,0.0599,-0.721,-0.0174,,,0.0232,,
fendi,2022-09-10,0.703,-0.0265,-0.1118,,,-0.0157,,
fendi,2022-09-21,0.0802,-0.6475,-0.1813,,,0.0145,,
fendi,2023-02-22,0.0749,-0.6123,0.1786,,,-0.0494,,
fendi,2023-09-20,0.2158,-0.4355,-0.1628,,,-0.1321,,
fendi,2024-02-21,0.0626,-0.5644,-0.0464,,,0.354,,
fendi,2024-09-17,0.2942,-0.3031,-0.0632,,,-0.3876,,
fendi,2025-02-26,0.8865,0.3043,-0.0045,,,-0.0222,,
fendi,2025-09-24,0.6921,0.0955,0.2381,,,0.2696,,
fendi,2026-02-25,0.1452,-0.4558,-0.2139,,,-0.1116,,
givenchy,2015-09-12,1.4381,,0.1227,,,,,
givenchy,2016-03-06,0.0873,,-0.1341,,,0.0917,,
givenchy,2016-10-02,0.3961,-0.3666,-0.0771,,,-0.0635,,
givenchy,2017-10-01,0.4787,-0.1618,-0.0719,,,0.0916,,
givenchy,2018-03-04,0.2816,-0.3184,0.2647,,,0.2031,,
givenchy,2018-09-30,0.4022,-0.1342,0.076,,,-0.2521,,
givenchy,2019-03-03,0.289,-0.2249,-0.0692,,,0.025,,
givenchy,2019-09-29,0.1871,-0.2947,0.0661,,,0.0339,,
givenchy,2020-03-01,-0.1988,-0.6438,-0.189,,,0.2344,,
givenchy,2020-10-04,0.5704,0.1969,0.0861,,,-0.1562,,
givenchy,2021-03-07,0.3421,-0.0511,-0.006,,,0.088,,
givenchy,2021-10-03,0.5413,0.1528,-0.2049,,,-0.0306,,
givenchy,2022-03-06,0.5279,0.1266,0.1194,,,-0.0424,,
givenchy,2022-10-02,0.5987,0.1877,-0.0058,,,-0.0733,,
givenchy,2023-03-02,-0.057,-0.4814,-0.0774,,,0.043,,
givenchy,2023-09-28,0.2583,-0.134,-0.0243,,,-0.1082,,
givenchy,2024-02-29,0.1414,-0.2425,0.567,,,0.1952,,
givenchy,2025-03-07,0.3807,0.011,-0.1794,,,-0.3723,,
givenchy,2025-10-03,0.3928,0.0225,-0.1068,,,-0.0326,,
givenchy,2026-03-06,0.1442,-0.2273,0.0901,,,-0.2738,,
gucci,2015-09-23,0.0593,,-0.0636,,,,,
gucci,2016-02-24,0.131,,0.1922,,,0.0003,,
gucci,2016-09-21,0.282,0.1868,0.1606,,,-0.2161,,
gucci,2017-02-22,0.3123,0.1549,0.1283,-0.4843,0.9674,0.2519,,
gucci,2017-09-20,0.3935,0.1974,0.3022,-0.7333,1.3023,-0.092,,
gucci,2018-02-21,0.2269,-0.0087,-0.1647,-0.9486,1.1996,0.2087,,
gucci,2018-09-25,0.6292,0.395,-0.0029,0.0867,1.6268,-0.0265,,
gucci,2019-02-23,0.0169,-0.2737,-0.0975,0.2161,0.9098,0.1907,,
gucci,2020-02-19,-0.0156,-0.2719,0.0573,-0.0692,0.7085,-0.0723,,
gucci,2021-11-03,2.1504,1.9242,1.3268,0.1983,1.541,0.0929,,
gucci,2022-02-25,1.1866,0.7681,-0.2923,0.7386,1.2215,0.1335,,
gucci,2022-09-23,-0.0881,-0.5765,-0.8244,-0.3524,0.2817,0.3359,,
gucci,2023-02-24,-0.0749,-0.5153,-0.3276,0.1805,0.9917,-0.101,,
gucci,2023-09-22,0.2238,-0.1769,-0.0348,0.111,1.4932,0.0328,,
gucci,2024-02-23,-0.2315,-0.6196,-0.4913,0.1803,0.7212,0.469,,
gucci,2024-09-20,0.1622,-0.1846,0.1753,0.107,1.037,-0.3029,,
gucci,2025-02-25,0.0062,-0.3291,-0.0389,0.8981,1.03,-0.1122,,
gucci,2025-09-23,0.4361,0.1202,0.0642,0.753,1.6031,0.1429,,
gucci,2026-02-27,0.1491,-0.1735,-0.1175,0.0938,0.9396,0.0301,,
hermes,2015-10-05,0.3667,,0.0215,,,,,
hermes,2016-03-07,0.0386,,0.0485,,,0.0422,,
hermes,2016-10-03,0.1635,-0.0392,-0.091,,,-0.022,,
hermes,2017-03-06,0.0984,-0.0912,-0.0037,-0.0464,0.7976,0.0758,,
hermes,2017-10-02,0.1212,-0.0456,-0.1008,,,0.0401,,
hermes,2018-03-03,0.2623,0.1046,0.1462,,,-0.0046,,
hermes,2018-09-29,0.2322,0.0571,-0.1231,,,-0.0277,,
hermes,2019-03-02,0.0659,-0.1174,0.113,,,0.0066,,
hermes,2019-09-28,0.1785,0.0099,0.0563,,,-0.0345,,
hermes,2020-02-29,0.0211,-0.1486,0.0329,,,0.0186,,
hermes,2020-10-03,0.1772,0.0224,-0.0471,,,0.0845,,
hermes,2021-03-06,0.0795,-0.0774,0.0508,,,-0.1624,,
hermes,2021-10-02,1.2552,1.1048,-0.172,,,-0.0013,,
hermes,2022-03-05,0.0725,-0.1629,-0.0776,,,-0.0202,,
hermes,2022-10-01,0.3958,0.172,0.0272,,,0.1579,,
hermes,2023-03-04,0.0532,-0.182,0.0821,,,0.1704,,
hermes,2023-09-30,0.0697,-0.1542,0.2168,,,-0.0018,,
hermes,2024-03-02,0.1208,-0.094,-0.089,,,0.2243,,
hermes,2024-09-28,0.1982,-0.0114,0.0912,,,0.0014,,
hermes,2025-03-08,0.7329,0.5239,0.1771,,,-0.085,,
hermes,2025-10-04,0.0866,-0.1486,-0.0767,,,0.0715,,
hermes,2026-03-07,0.3642,0.1361,0.1262,,,-0.0935,,
jil_sander,2015-09-26,0.2985,,-0.0461,,,,,
jil_sander,2016-02-27,0.5227,,-0.0771,,,-0.1014,,
jil_sander,2016-09-24,0.5135,0.1029,-0.186,,,0.0224,,
jil_sander,2017-02-25,0.5812,0.1363,-0.109,0.4314,4.524,0.2837,,
jil_sander,2017-09-23,0.8622,0.3832,0.0826,,,-0.076,,
jil_sander,2018-02-24,0.4486,-0.107,-0.243,,,0.1778,,
jil_sander,2018-09-19,0.9338,0.3961,0.0951,,,-0.0349,,
jil_sander,2019-02-20,0.6412,0.0468,-0.1744,,,0.1117,,
jil_sander,2019-09-18,0.8657,0.2655,0.0688,,,0.0059,,
jil_sander,2020-02-19,0.9364,0.3067,0.0346,,,0.1186,,
jil_sander,2021-03-07,0.6224,-0.038,-0.13,,,-0.1533,,
jil_sander,2021-09-22,0.5564,-0.1006,0.1551,,,-0.0771,,
jil_sander,2022-02-26,0.3944,-0.2541,-0.0622,,,0.1392,,
jil_sander,2022-09-24,0.6044,-0.0246,-0.0396,,,0.0136,,
jil_sander,2023-02-24,0.4687,-0.1585,0.1334,,,-0.0384,,
jil_sander,2023-09-23,0.6679,0.0512,-0.0911,,,0.0245,,
jil_sander,2024-02-24,0.7274,0.1076,0.5728,,,0.0201,,
jil_sander,2024-09-18,0.8017,0.1755,-0.2428,,,-0.3969,,
jil_sander,2025-02-26,0.826,0.1901,-0.0611,,,-0.0188,,
jil_sander,2025-09-24,0.7317,0.0858,0.1837,,,0.1117,,
jil_sander,2026-02-25,0.215,-0.4352,-0.2159,,,0.1481,,
loewe,2015-10-02,0.6728,,0.1052,,,,,
loewe,2016-03-04,0.7157,,0.0499,,,0.006,,
loewe,2016-09-30,0.715,0.0207,0.0269,,,0.0325,,
loewe,2017-03-03,0.4398,-0.2613,-0.0305,,,0.0434,,
loewe,2017-09-29,0.7113,0.0754,-0.0054,,,0.0239,,
loewe,2018-03-02,0.3234,-0.3275,0.1799,,,0.0721,,
loewe,2018-09-28,0.5223,-0.074,-0.0068,,,0.0578,,
loewe,2019-03-01,0.4349,-0.1509,0.1653,,,0.1209,,
loewe,2019-09-27,0.9097,0.3428,0.2337,,,-0.0312,,
loewe,2020-02-28,0.3936,-0.2114,0.0444,,,-0.0367,,
loewe,2020-10-02,0.507,-0.0768,0.033,,,-0.0985,,
loewe,2021-03-05,0.2322,-0.3447,-0.1763,,,0.2214,,
loewe,2021-10-01,0.7512,0.2031,0.1465,,,0.0705,,
loewe,2022-03-04,0.3512,-0.2126,-0.0178,,,0.3,,
loewe,2022-09-30,0.8159,0.2673,-0.0937,,,0.2828,,
loewe,2023-03-03,0.3375,-0.2289,0.0658,,,0.3636,,
loewe,2023-09-29,0.5835,0.0314,-0.0301,,,0.0208,,
loewe,2024-03-01,0.5242,-0.0297,0.3907,,,0.1045,,
loewe,2024-09-27,1.8598,1.3075,0.266,,,-0.4533,,
loewe,2025-10-03,1.1371,0.516,-0.2264,,,-0.4372,,
loewe,2026-03-06,0.6253,-0.0216,0.2102,,,-0.2003,,
loro_piana,2024-02-23,0.0349,,-0.227,,,0.3936,,
loro_piana,2024-09-20,0.4923,,0.3734,,,-0.1289,,
loro_piana,2026-02-27,-0.2366,-0.5002,-0.1633,,,0.0174,,
louis_vuitton,2015-10-07,0.1709,,0.0777,,,,,
louis_vuitton,2016-03-09,0.113,,-0.0626,,,0.0679,,
louis_vuitton,2016-10-05,0.3965,0.2545,0.0658,,,-0.0394,,
louis_vuitton,2017-03-07,0.1926,-0.0342,0.2004,,,0.0579,,
louis_vuitton,2017-10-03,0.2051,-0.0131,0.0386,,,-0.0867,,
louis_vuitton,2018-03-06,0.1327,-0.0829,0.0454,,,0.1028,,
louis_vuitton,2018-10-02,0.2766,0.0748,0.0105,,,-0.1145,,
louis_vuitton,2019-03-05,0.1366,-0.0759,0.1132,,,0.1171,,
louis_vuitton,2019-10-03,0.506,0.303,0.0836,,,0.0164,,
louis_vuitton,2020-03-03,0.0094,-0.2273,-0.0589,,,-0.1995,,
louis_vuitton,2020-09-28,0.0596,-0.1543,-0.0497,,,0.1331,,
louis_vuitton,2021-03-10,0.13,-0.0699,0.1002,,,-0.0296,,
louis_vuitton,2021-10-03,0.2104,0.0163,-0.1323,,,-0.0513,,
louis_vuitton,2022-03-07,0.0336,-0.1617,0.0163,,,-0.1111,,
louis_vuitton,2022-10-04,0.2668,0.083,0.239,,,0.1177,,
louis_vuitton,2023-03-06,0.0323,-0.157,-0.1316,,,0.1492,,
louis_vuitton,2023-10-02,0.3087,0.1292,-0.1508,,,-0.1387,,
louis_vuitton,2024-03-05,0.2102,0.0231,-0.2097,,,0.1414,,
louis_vuitton,2024-10-01,0.2695,0.0811,0.1112,,,-0.0426,,
louis_vuitton,2025-03-10,0.5315,0.3388,0.1624,,,0.0447,,
louis_vuitton,2025-09-30,0.0191,-0.1905,-0.1831,,,-0.1361,,
louis_vuitton,2026-03-10,-0.0476,-0.2481,-0.1179,,,0.0639,,
margiela,2015-09-30,0.7982,,0.336,,,,,
margiela,2016-03-02,0.3938,,-0.0168,,,0.0186,,
margiela,2016-09-28,0.5942,-0.0019,0.1419,,,-0.0191,,
margiela,2017-03-01,0.4707,-0.1247,0.0657,,,0.3142,,
margiela,2017-09-27,0.572,0.0077,0.0162,,,-0.0197,,
margiela,2018-02-28,0.1791,-0.3867,-0.0311,,,0.1651,,
margiela,2018-09-26,0.8128,0.3115,0.0315,,,-0.1244,,
margiela,2019-02-27,0.2703,-0.2755,-0.0844,,,0.1099,,
margiela,2019-09-25,0.8784,0.367,0.0495,,,0.0431,,
margiela,2020-02-26,0.3426,-0.2095,0.2353,,,-0.02,,
margiela,2021-10-03,0.2282,-0.303,-0.1918,,,0.2539,,
margiela,2023-10-02,0.5425,0.0389,0.192,,,0.0422,,
margiela,2025-10-04,0.8162,0.3093,0.0212,,,0.0462,,
max_mara,2015-09-24,0.2888,,-0.0723,,,,,
max_mara,2016-02-25,0.2226,,0.0121,,,-0.1015,,
max_mara,2016-09-22,0.5787,0.323,-0.0607,,,0.0153,,
max_mara,2017-02-23,0.4753,0.1119,0.0055,,,-0.0595,,
max_mara,2017-09-21,0.5217,0.1303,0.0733,,,0.0988,,
max_mara,2018-02-22,0.4098,-0.0076,-0.013,,,-0.0808,,
max_mara,2018-09-20,0.6766,0.2605,0.0963,,,0.0828,,
max_mara,2019-02-21,0.5331,0.0797,-0.0565,,,-0.1076,,
max_mara,2019-09-19,0.6809,0.2175,0.1094,,,0.0918,,
max_mara,2020-02-20,0.3628,-0.1247,-0.375,,,-0.0979,,
max_mara,2020-09-24,0.4876,0.0126,-0.0152,,,0.0802,,
max_mara,2021-02-25,0.5319,0.0557,-0.1229,,,-0.1615,,
max_mara,2021-09-23,0.6236,0.1428,0.0687,,,0.1569,,
max_mara,2022-02-24,0.0621,-0.4297,-0.1484,,,-0.1795,,
max_mara,2022-09-22,0.5135,0.0524,-0.0927,,,0.4808,,
max_mara,2023-02-23,0.1903,-0.2743,-0.1375,,,-0.0674,,
max_mara,2023-09-20,0.4665,0.019,0.2379,,,-0.2359,,
max_mara,2024-02-22,0.459,0.0104,0.015,,,-0.0115,,
max_mara,2024-09-19,0.5951,0.1459,0.2978,,,-0.0006,,
max_mara,2025-02-27,0.3172,-0.1396,-0.0219,,,-0.1523,,
max_mara,2026-02-26,0.3578,-0.0921,0.0154,,,-0.1265,,
miu_miu,2015-10-07,0.3461,,-0.1951,,,,,
miu_miu,2016-03-09,0.5854,,0.0415,,,-0.0401,,
miu_miu,2016-10-05,0.3463,-0.1194,0.0008,,,0.1168,,
miu_miu,2017-03-07,0.3016,-0.1244,-0.0485,-0.4922,2.2591,0.091,,
miu_miu,2017-10-03,0.3638,-0.031,-0.2406,,,-0.0992,,
miu_miu,2018-03-06,0.8295,0.4409,-0.0768,,,-0.0528,,
miu_miu,2018-10-02,0.6183,0.1562,-0.0988,,,0.0588,,
miu_miu,2019-03-05,0.4576,-0.0269,0.0198,,,0.1998,,
miu_miu,2019-10-01,0.7497,0.2687,0.0172,,,-0.0899,,
miu_miu,2020-03-03,0.6272,0.1162,-0.0584,,,0.0359,,
miu_miu,2020-10-06,1.0079,0.4853,0.1353,,,0.044,,
miu_miu,2021-03-09,0.6145,0.0478,-0.3017,,,0.2662,,
miu_miu,2021-10-03,1.1363,0.5656,0.1343,,,0.0444,,
miu_miu,2022-03-08,0.8769,0.2627,-0.0538,,,0.3282,,
miu_miu,2022-10-04,1.2491,0.6162,-0.0475,,,0.0819,,
miu_miu,2023-03-07,0.8856,0.2116,-0.0717,,,-0.1,,
miu_miu,2023-10-03,1.1631,0.4759,-0.0306,,,0.0747,,
miu_miu,2024-03-05,0.9438,0.2286,0.199,,,0.1904,,
miu_miu,2024-10-01,0.8791,0.1512,-0.1158,,,0.1322,,
miu_miu,2025-10-06,0.6089,-0.127,-0.1666,,,0.0007,,
miu_miu,2026-03-10,0.3495,-0.3801,0.2145,,,-0.1753,,
prada,2015-09-24,0.0703,,-0.0978,,,,,
prada,2016-02-25,0.1997,,0.0567,,,-0.0996,,
prada,2016-09-22,0.2931,0.1581,-0.0482,,,-0.0877,,
prada,2017-02-23,0.1371,-0.0506,-0.048,,,0.0422,,
prada,2017-09-21,0.2912,0.1161,0.0666,,,-0.1214,,
prada,2018-02-22,0.0671,-0.1312,0.0647,,,0.0924,,
prada,2018-09-20,0.172,-0.0044,-0.1445,,,0.0054,,
prada,2019-02-21,0.4836,0.3078,0.0284,,,-0.0032,,
prada,2020-02-20,0.9795,0.7653,0.0492,,,-0.0463,,
prada,2020-09-24,0.5854,0.2862,0.0878,,,-0.1009,,
prada,2021-09-24,0.3578,0.0299,0.0337,,,0.0102,,
prada,2022-02-24,0.3587,0.0281,-0.0505,,,0.1412,,
prada,2022-09-22,0.3755,0.0426,0.1149,,,0.012,,
prada,2023-02-23,0.071,-0.2652,0.071,,,-0.1253,,
prada,2023-09-21,0.4735,0.1562,-0.0077,,,-0.0389,,
prada,2024-02-22,0.1409,-0.1868,0.0295,,,0.0293,,
prada,2024-09-19,0.5111,0.1951,0.0654,,,-0.2335,,
prada,2025-02-27,0.3925,0.065,0.2714,,,-0.0849,,
prada,2025-09-25,0.0946,-0.2365,-0.0873,,,0.1058,,
prada,2026-02-26,0.1194,-0.1993,0.2434,,,-0.0162,,
saint_laurent,2015-10-05,0.2998,,0.0729,,,,,
saint_laurent,2016-03-07,0.1205,,-0.0071,,,0.1336,,
saint_laurent,2016-09-27,0.5836,0.3735,0.1093,,,-0.0259,,
saint_laurent,2017-02-28,0.2423,-0.0923,0.0331,,,0.1651,,
saint_laurent,2017-09-26,0.3911,0.0795,-0.0422,,,0.0305,,
saint_laurent,2018-02-27,0.117,-0.2105,-0.1348,,,0.1167,,
saint_laurent,2018-09-25,0.7824,0.49,0.222,,,-0.0545,,
saint_laurent,2019-02-26,0.2523,-0.1101,-0.0433,,,-0.0169,,
saint_laurent,2019-09-24,0.6944,0.3458,-0.0197,,,0.0294,,
saint_laurent,2020-02-25,0.1963,-0.1908,0.1543,,,0.0224,,
saint_laurent,2021-09-28,0.4695,0.1016,0.0556,,,0.1743,,
saint_laurent,2022-03-01,0.2773,-0.0999,0.0253,,,0.1693,,
saint_laurent,2022-09-27,0.2545,-0.1144,0.0341,,,-0.1847,,
saint_laurent,2023-02-28,0.0293,-0.3307,-0.0469,,,0.064,,
saint_laurent,2023-09-26,0.3025,-0.0339,0.1152,,,-0.1951,,
saint_laurent,2024-02-27,0.1755,-0.1587,0.0371,,,0.0321,,
saint_laurent,2024-09-24,0.4394,0.1151,0.145,,,-0.2042,,
saint_laurent,2025-09-29,-0.1551,-0.4862,-0.4196,,,0.3759,,
saint_laurent,2026-03-03,-0.0391,-0.3432,-0.0957,,,-0.044,,
tom_ford,2021-09-13,1.2688,,0.5028,,,0.5951,,
tom_ford,2022-09-14,-0.1908,,-0.5372,,,0.2536,,
tom_ford,2023-09-21,0.5597,0.0207,0.1872,,,-0.3923,,
tom_ford,2024-02-22,0.1752,-0.3707,0.0326,,,0.4362,,
tom_ford,2025-03-05,0.8023,0.349,0.1465,,,-0.1821,,
tom_ford,2025-10-01,0.6346,0.1116,0.1983,,,-0.0631,,
tom_ford,2026-03-04,0.2027,-0.339,-0.2601,,,-0.121,,
valentino,2015-10-06,0.4258,,-0.0431,,,,,
valentino,2016-03-08,0.2631,,0.0656,,,0.0175,,
valentino,2016-10-02,0.739,0.3946,-0.0521,,,0.0314,,
valentino,2017-03-05,0.2624,-0.2136,0.0507,,,0.125,,
valentino,2017-10-01,0.6585,0.2359,0.0226,,,-0.0319,,
valentino,2018-03-04,0.3066,-0.1631,0.037,,,0.1409,,
valentino,2018-09-30,0.2489,-0.1937,-0.0987,,,0.0086,,
valentino,2019-03-03,0.6182,0.2033,-0.0535,,,0.4471,,
valentino,2019-09-29,0.609,0.1686,-0.0342,,,0.0596,,
valentino,2020-03-01,0.1518,-0.3073,0.0424,,,0.0094,,
valentino,2020-09-27,0.4426,0.0143,-0.1064,,,-0.0771,,
valentino,2021-03-01,0.4826,0.053,0.0829,,,-0.051,,
valentino,2021-10-01,0.3314,-0.1027,-0.0609,,,0.0593,,
valentino,2022-03-06,0.5796,0.1535,0.0183,,,0.0911,,
valentino,2022-10-02,0.685,0.2479,0.0244,,,-0.0796,,
valentino,2023-03-05,0.2052,-0.2485,-0.159,,,0.1387,,
valentino,2023-10-01,0.4555,0.0174,0.0068,,,0.0522,,
valentino,2024-03-03,0.2436,-0.1956,0.0392,,,0.1413,,
valentino,2024-09-29,1.0592,0.6309,0.0586,,,-0.1948,,
valentino,2025-03-09,0.3458,-0.1157,0.0065,,,0.0405,,
valentino,2025-10-05,0.8722,0.4165,0.2361,,,0.1429,,
valentino,2026-03-12,-0.7243,-1.1998,-0.8471,,,0.809,,
versace,2015-09-25,0.1495,,-0.0562,,,,,
versace,2016-02-26,0.8268,,-0.0356,,,0.1272,,
versace,2016-09-23,0.5379,0.0498,0.3233,,,-0.074,,
versace,2017-02-24,0.5103,0.0056,-0.2184,,,0.7269,,
versace,2017-09-22,1.0994,0.5932,0.6285,,,-0.1086,,
versace,2018-02-23,-0.3933,-1.0181,-1.0839,,,1.1577,,
versace,2018-09-21,1.7567,1.3016,0.1285,,,-0.2783,,
versace,2019-02-22,0.2173,-0.4238,-0.5092,,,0.8412,,
versace,2019-09-20,0.6172,0.0292,-0.2462,,,-0.1049,,
versace,2020-02-21,0.1086,-0.4827,-0.0087,,,0.0091,,
versace,2020-09-25,0.2221,-0.3209,-0.003,,,-0.1443,,
versace,2021-03-06,0.2411,-0.2727,0.0905,,,-0.1197,,
versace,2021-09-24,0.6455,0.1544,-0.0804,,,-0.0331,,
versace,2022-02-25,0.102,-0.401,-0.0348,,,0.058,,
versace,2022-09-23,0.2139,-0.2605,-0.0556,,,-0.1045,,
versace,2023-03-02,0.6179,0.1608,0.1492,,,-0.0411,,
versace,2024-02-23,0.3219,-0.1451,0.1081,,,0.0782,,
versace,2024-09-20,0.3008,-0.1577,-0.2248,,,-0.1045,,
versace,2025-02-28,0.6387,0.1889,0.1149,,,-0.2266,,
versace,2025-09-26,0.0299,-0.4298,-0.1663,,,0.1912,,
zegna,2021-06-18,0.1823,,0.1675,,,3.5192,,
zegna,2022-01-14,0.1166,,-0.083,,,0.2771,,
zegna,2022-06-20,0.2493,0.0999,-0.1106,,,-0.0023,,
zegna,2023-01-16,0.4576,0.2748,0.1439,,,0.0175,,
zegna,2023-06-19,0.1195,-0.132,-0.0062,,,0.1754,,
zegna,2024-01-15,0.4692,0.2442,0.1039,,,0.1178,,
zegna,2024-06-17,0.1842,-0.0816,0.0604,,,0.0629,,
zegna,2025-01-20,0.3391,0.085,-0.0409,,,-0.0018,,
zegna,2025-06-23,-0.03,-0.2947,-0.0512,,,-0.2619,,
zegna,2026-01-16,0.3845,0.1525,-0.0797,,,0.1181,,
zegna,2026-06-20,-0.2059,-0.4531,-0.0636,,,0.0335,,
