house,domains,note
chanel,chanel.com,
dior,dior.com,
gucci,gucci.com,
balenciaga,balenciaga.com,
loewe,loewe.com,
bottega_veneta,bottegaveneta.com,
celine,celine.com,
fendi,fendi.com,
jil_sander,jilsander.com,
margiela,maisonmargiela.com;maisonmartinmargiela.com,the house was Maison Martin Margiela until 2015
hermes,hermes.com,
louis_vuitton,louisvuitton.com,
prada,prada.com,
miu_miu,miumiu.com,
saint_laurent,ysl.com,the house's fashion site; beauty is a separate L'Oréal site
burberry,burberry.com,
valentino,valentino.com,
loro_piana,loropiana.com,
chloe,chloe.com,
versace,versace.com,
givenchy,givenchy.com,
tom_ford,tomford.com,fashion site; beauty is a separate Estée Lauder site
dries_van_noten,driesvannoten.com;driesvannoten.be,
alaia,maison-alaia.com;alaia.fr,
dolce_gabbana,dolcegabbana.com,
max_mara,maxmara.com,
brunello_cucinelli,brunellocucinelli.com,
zegna,zegna.com;ermenegildozegna.com,the house traded as Ermenegildo Zegna before its 2022 rebrand
