house_id,designer,scope,announced_date,first_show_date,first_show_season,first_show_city,last_show_date,left_announced_date,source_urls,verified,notes
alaia,Azzedine Alaïa,womenswear,,,,,2017-07-05,2017-11-18,https://fashionunited.uk/news/fashion/paris-haute-couture-extended-by-extra-day/2017063025021 | https://www.ebony.com/naomi-campbell-returned-catwalk-azzedine-alaias-show/ | https://www.arabnews.com/node/1195586 | https://fashionunited.uk/news/fashion/fashion-legend-alaia-s-last-designs-to-hit-catwalk/2017121827324,true,"Founder; tenure predates the window. His last show, on the haute couture schedule and his first show in six years, was at his Paris gallery on Wednesday 2017-07-05 (FashionUnited schedule 2017-06-30; photo caption via Ebony); it is kept although shown in couture week because Alaïa showed off the ready-to-wear calendar. Died 2017-11-18; the Fédération de la Haute Couture announced the death that Saturday (AP via Arab News), so left_announced_date is the date of death. The house said his final ready-to-wear designs would be shown in Paris in January and March 2018 (FashionUnited 2017-12-18); those were not runway shows checked here."
alaia,design studio,womenswear,2017-12-18,,,,,2021-02-05,"https://fashionunited.uk/news/fashion/fashion-legend-alaia-s-last-designs-to-hit-catwalk/2017121827324 | https://ie.fashionnetwork.com/news/Pieter-Mulier-s-debut-at-Alaia-fixed-for-July-4-on-eve-of-couture-week,1303689.html | https://www.richemont.com/media/34xhe5rz/2021-02-05_en.pdf",true,"In-house team after the founder's death; announced_date is the house statement of 2017-12-18 that the Alaïa team would stay with the house (FashionUnited). No runway show in this period: Mulier's July 2021 show was described as the first Alaïa runway presentation since 2017 (FashionNetwork 2021-05-20). Ended when Richemont named Pieter Mulier (release dated Paris, 2021-02-05)."
alaia,Pieter Mulier,womenswear,2021-02-05,2021-07-04,SS22,Paris,2026-03-04,2026-01-30,"https://www.richemont.com/media/34xhe5rz/2021-02-05_en.pdf | https://ie.fashionnetwork.com/news/Pieter-Mulier-s-debut-at-Alaia-fixed-for-July-4-on-eve-of-couture-week,1303689.html | https://fashionunited.uk/news/fashion/paris-haute-couture-alaia-debuts-first-collection-by-pieter-mulier/2021070556391 | https://theimpression.com/pieter-mulier-to-exit-alaia | https://us.fashionnetwork.com/news/Pieter-mulier-steps-down-as-alaia-s-creative-director,1803176.html | https://fashionunited.uk/news/fashion/pieter-muliers-final-collection-alaia-refined-not-reimagined/2026030586676 | https://www.wmagazine.com/fashion/alaia-fall-2026-pieter-mulier-runway-photos",true,"Named creative director effective immediately, first collection to be Spring Summer 22 (Richemont release, Paris, 2021-02-05). Debut show, ready-to-wear and couture together, rue de Moussy, Paris, Sunday 2021-07-04 at 21:00 on the eve of couture week (FashionNetwork 2021-05-20; FashionUnited 2021-07-05). Exit confirmed Friday 2026-01-30 (The Impression; FashionNetwork). Last show, the collection the house called Summer-Fall 2026 (reported as Fall/Winter 2026), Fondation Cartier, Paris, Wednesday 2026-03-04 (FashionUnited and W, both 2026-03-05, say 'Wednesday'). Then joined Versace (see versace rows)."
alaia,design studio,womenswear,2026-01-30,2026-10-03,SS27,Paris,,,https://theimpression.com/pieter-mulier-to-exit-alaia | https://www.grazia.my/fashion/paris-fashion-week-ss27-schedule/ | https://fashionweekdaily.com/paris-fashion-week-calendar-spring-summer-2027/ | https://jamaqueparadis.com/2026/10/05/alaia-spring-2027-paris-fashion-week | https://www.wmagazine.com/fashion/paris-fashion-week-spring-2027-best-runway-looks-photos,true,"On 2026-01-30 Alaïa said the studio would ensure continuity until a new creative organisation is confirmed (The Impression). SS27 was designed by the house studio and shown as a presentation, not a runway, in Paris on Saturday 2026-10-03 from 18:00 per the published calendar (Grazia 2026-07-30; Fashion Week Daily 2026-08-03); a post-event report (2026-10-05) confirms the studio presentation took place but does not restate the date. No successor named as of 2026-10-06 (W)."
balenciaga,Nicolas Ghesquière,womenswear,,,,,2012-09-27,2012-11-05,"https://us.fashionnetwork.com/news/Designer-Ghesquiere-to-leave-Balenciaga,520089.html | https://au.fashionnetwork.com/news/Balenciaga-brings-grace-stars-to-Paris-fashion,283538.html",true,"Artistic director since 1997 (FashionNetwork); appointment announcement and first show dates not confirmed, left blank. Last show SS13, Paris, Thursday 27 Sep 2012 (AFP review published 28 Sep). Balenciaga and Ghesquière announced on 5 Nov 2012 their joint decision to end the relationship as of 30 Nov 2012."
balenciaga,Alexander Wang,womenswear,2012-12-03,2013-02-28,AW13,Paris,2015-10-02,2015-07-31,"https://fashionunited.uk/v1/design/balenciaga-confirms-wang/201212033281 | https://ww.fashionnetwork.com/news/Wang-goes-for-modern-elegance-in-balenciaga-debut-at-paris-fashion,313875.html | https://ae.fashionnetwork.com/news/Designer-alexander-wang-to-leave-balenciaga,555155.html | https://ww.fashionnetwork.com/news/Balenciaga-confirms-departure-of-designer-Alexander-Wang,556168.html | https://nowfashion.com/balenciaga-ready-to-wear-spring-summer-2016-paris",true,"Creative director. Balenciaga and PPR confirmed the appointment on 3 Dec 2012. First show AW13, Paris, Thursday 28 Feb 2013. Exit was first reported by US media on 29 Jul 2015 (unconfirmed by Balenciaga that day); the joint statement announcing non-renewal was published 31 Jul 2015 and said his last show would be SS16 womenswear on 2 Oct 2015 in Paris, which NOWFASHION confirms."
balenciaga,Demna,both,2015-10-07,2016-03-06,AW16,Paris,2025-07-09,2025-03-13,https://fashionunited.uk/news/people/balenciaga-names-new-artistic-director/2015100717913 | https://nowfashion.com/balenciaga-ready-to-wear-fall-winter-2016-paris | https://www.wonderlandmagazine.com/2016/03/07/pfw-day-6-roundup-aw16/ | https://www.ansa.it/english/news/2025/03/13/demna-named-new-creative-director-of-gucci_cff86059-fc6d-4935-9094-653186de3d88.html | https://numero.com/en/?p=702830,true,"Appointed as Demna Gvasalia (artistic director), 7 Oct 2015. First show AW16 womenswear, Paris, Sunday 6 Mar 2016; he also designed menswear (menswear show dates not checked). Exit implied by Kering's announcement of his Gucci appointment on Thursday 13 Mar 2025; no separate Balenciaga statement date confirmed. Last show: 54th haute couture collection, Paris, Wednesday 9 Jul 2025; his last ready-to-wear show was AW25 in March 2025 (date not checked here)."
balenciaga,Pierpaolo Piccioli,both,2025-05-19,2025-10-04,SS26,Paris,,,https://www.ansa.it/english/news/2025/05/19/piccioli-named-new-creative-director-of-balenciaga_6248e8c2-19aa-40c3-95f5-50babcc0f06d.html | https://numero.com/mode/fashion-week/balenciaga-le-premier-defile-de-pierpaolo-piccioli/ | https://en.wikipedia.org/wiki/Pierpaolo_Piccioli,true,"Creative director (house-wide; scope 'both' assumed from the title, not checked line by line). Kering announced on Monday 19 May 2025; he started 10 Jul 2025. First show SS26 at the Hôpital Laennec, rue de Sèvres, Saturday 4 Oct 2025, 20:00. No departure found; current status checked only against Wikipedia, not against an SS27 show report."
bottega_veneta,Tomas Maier,both,,,,,2018-02-10,2018-06-13,https://nowfashion.com/brand/bottega-veneta | https://en.wikipedia.org/wiki/Tomas_Maier,false,"Creative director from June 2001 (Wikipedia); appointment announcement and first show dates not confirmed, left blank. Last show AW18, shown in New York on 10 Feb 2018 (NOWFASHION show listing). Exit date from Wikipedia only ('Kering announced Maier's resignation on 13 June 2018', citing a New York Times article of that date that could not be read), hence verified=false."
bottega_veneta,Daniel Lee,both,,2019-02-23,AW19,Milan,,2021-11-10,https://en.wikipedia.org/wiki/Daniel_Lee_(designer) | https://nowfashion.com/bottega-veneta-ready-to-wear-fall-winter-2019-milan | https://nowfashion.com/brand/bottega-veneta,false,"Appointed June 2018 (Wikipedia; its source is a British Vogue report dated 15 Jun 2018); exact announcement date not confirmed, left blank. First show AW19, Milan, 23 Feb 2019 (NOWFASHION). His last show on the Milan calendar per NOWFASHION was AW20, 22 Feb 2020; no later show is listed and the date of his final collection was not confirmed, so last_show_date is blank. Exit date 10 Nov 2021 is from Wikipedia only."
bottega_veneta,Matthieu Blazy,both,,2022-02-26,AW22,Milan,2024-09-21,2024-12-12,"https://en.wikipedia.org/wiki/Matthieu_Blazy | https://nowfashion.com/brand/bottega-veneta | https://theimpression.com/fashion-show-calendar/week/2024-09-16/ | https://theimpression.com/bottega-veneta-spring-2025-fashion-show-review/ | https://nz.fashionnetwork.com/news/Chanel-names-matthieu-blazy-as-new-creative-director-of-the-house,1685973.html | https://www.fashiondive.com/news/louise-trotter-creative-director-kering-bottega-veneta/735537",true,"Appointed November 2021 (Wikipedia); exact announcement date not confirmed, left blank. First show AW22, Milan, 26 Feb 2022 (NOWFASHION). Last show SS25, Milan, Saturday 21 Sep 2024, 20:00 (The Impression calendar; review the same day). Kering announced his exit and Louise Trotter's appointment on Thursday 12 Dec 2024, about an hour before Chanel named him."
bottega_veneta,Louise Trotter,both,2024-12-12,2025-09-27,SS26,Milan,,,https://www.fashiondive.com/news/louise-trotter-creative-director-kering-bottega-veneta/735537 | https://theimpression.com/fashion-show-calendar/week/2025-09-22/ | https://vogue.ph/fashion/the-milan-fashion-week-spring-2026-schedule-is-here/ | https://nowfashion.com/brand/bottega-veneta | https://www.anothermag.com/fashion-beauty/17019/bottega-veneta-autumn-winter-2026-show-review-louise-trotter,true,"Kering press release Thursday 12 Dec 2024; she joined at the end of January 2025. First show SS26, Milan, Saturday 27 Sep 2025, 17:00 (The Impression calendar and Vogue Philippines schedule; NOWFASHION lists the same date). The Impression's review is timestamped 26 Sep, which looks pre-dated; the project registry's 28 Sep disagrees with all three listings. Still in post: AW26 reviewed 2 Mar 2026; NOWFASHION lists SS27 on 26 Sep 2026."
brunello_cucinelli,Brunello Cucinelli,both,,,,,,,"https://investor.brunellocucinelli.com/en/governance/board-of-directors | https://ww.fashionnetwork.com/news/Elsewhere-in-milan-weekend-max-mara-brunello-cucinelli-capasa-ara-lumiere-and-loro-piana,1811592.html",true,"Founder; tenure predates the window, so all date fields are blank by design. Listed as Executive Chairman and Creative Director on the company's board page (board appointed 2026-04-23); AW26 described as his work (FashionNetwork 2026-03-01). The house presents collections rather than staging runway shows. Daughters hold creative roles under him: Camilla Cucinelli (listed as Co-Head Women's Creative Director) and Carolina Cucinelli (Co-Creative Director), both given product and image powers in March 2024 and made Vice Presidents in July 2024; Giovanna Manfredi is co-creative director of the women's style office. Not treated as a change of creative lead; appointment dates for the daughters' creative titles were not found."
burberry,Christopher Bailey,both,,,,,2018-02-17,,https://en.wikipedia.org/wiki/Christopher_Bailey_(fashion_designer) | https://en.wikipedia.org/wiki/Burberry | https://nowfashion.com/burberry-ready-to-wear-fall-winter-2018-london | https://nowfashion.com/brand/burberry,true,"Joined May 2001, creative director from 2004, chief creative officer from November 2009, also CEO 2014 to 2017 (Wikipedia); start dates not filled. Last show AW18, London, 17 Feb 2018 (NOWFASHION). Exit announcement date not confirmed (Wikipedia cites a New York Times report of 31 Oct 2017), left blank."
burberry,Riccardo Tisci,both,,2018-09-17,SS19,London,,,https://en.wikipedia.org/wiki/Riccardo_Tisci | https://en.wikipedia.org/wiki/Burberry | https://nowfashion.com/burberry-ready-to-wear-spring-summer-2019-london | https://nowfashion.com/brand/burberry,true,"Chief creative officer. Appointed March 2018 and replaced in September 2022 (Wikipedia, citing WWD of 1 Mar 2018 and BoF of 28 Sep 2022); exact announcement dates not confirmed, left blank. First show SS19, London, 17 Sep 2018 (NOWFASHION). His last show (SS23, London, September 2022) is not listed by NOWFASHION and its date was not confirmed, left blank; the last show of his that NOWFASHION lists is AW22, 11 Mar 2022."
burberry,Daniel Lee,both,,2023-02-20,AW23,London,,,https://en.wikipedia.org/wiki/Daniel_Lee_(designer) | https://en.wikipedia.org/wiki/Burberry | https://nowfashion.com/brand/burberry,true,"Chief creative officer. Appointed September 2022 (Wikipedia); exact announcement date not confirmed, left blank. First show AW23, London, 20 Feb 2023 (NOWFASHION; Wikipedia says his debut was AW23). No departure found: Wikipedia (updated May 2026) describes him as in post and NOWFASHION lists SS27 on 21 Sep 2026."
celine,Phoebe Philo,womenswear,2008-09-04,2009-10-05,SS10,Paris,2017-10-01,,https://en.wikipedia.org/wiki/Celine_(brand) | https://en.wikipedia.org/wiki/Phoebe_Philo | https://nowfashion.com/celine-ready-to-wear-spring-summer-2010-paris | https://nowfashion.com/celine-ready-to-wear-spring-summer-2018-paris | https://nowfashion.com/brand/celine,false,"Appointment date from Wikipedia only (citing a WWD report of 4 Sep 2008). First show SS10, Paris, 5 Oct 2009, and last runway show SS18, Paris, 1 Oct 2017 (both NOWFASHION, which names Philo). Wikipedia says she announced her exit in December 2017; exact date not confirmed, left blank. Wikipedia pages disagree on whether her last collection was Pre-Fall 2018 or an AW18 collection presented in March 2018; NOWFASHION lists no Celine AW18 show, and no design-studio show between her exit and Slimane's debut was confirmed."
celine,Hedi Slimane,both,2018-01-21,2018-09-28,SS19,Paris,,,https://en.wikipedia.org/wiki/Celine_(brand) | https://en.wikipedia.org/wiki/Hedi_Slimane | https://nowfashion.com/celine-ready-to-wear-spring-summer-2019-paris | https://nowfashion.com/brand/celine,false,"Artistic, creative and image director, women's and men's. Appointment date from Wikipedia only (citing LVMH's BusinessWire release of 21 Jan 2018; the release page did not load). First show SS19, Paris, 28 Sep 2018 (NOWFASHION); first standalone menswear show AW19, 20 Jan 2019 (NOWFASHION; Wikipedia). Last show not confirmed: NOWFASHION's last listing of his era is SS23 menswear at the Palais de Tokyo, 26 Jun 2022, and later collections were not found in a source read here. Exit reported October 2024 (Wikipedia cites Vogue Business, 2 Oct 2024); exact announcement date not confirmed."
celine,Michael Rider,both,,2025-07-06,SS26,Paris,,,https://en.wikipedia.org/wiki/Celine_(brand) | https://www.anothermag.com/fashion-beauty/16474/michael-rider-celine-ss26-show-review | https://www.anothermag.com/fashion-beauty/16688/michael-riders-instinctual-unsentimental-reaction-to-now-at-celine | https://theimpression.com/celine-spring-2026-fashion-show-review/ | https://theimpression.com/fashion-show-calendar/week/2025-07-07/ | https://nowfashion.com/brand/celine | https://www.lvmh.com/en/news-lvmh,false,"Named creative director in early October 2024 (Wikipedia cites Vogue Business, 2 Oct 2024); exact announcement date not confirmed, left blank; joined early 2025. Debut (SS26, men's and women's together) was shown in Celine's rue Vivienne showrooms, Paris, just before the couture week that opened Monday 7 Jul 2025 (AnOther, 7 Jul and 6 Oct 2025); The Impression's review is timestamped 6 Jul 2025. The 6 Jul date is inferred from these, not stated in them. NOWFASHION's Celine SS26 page is dated 30 Sep 2025, which looks like a gallery timestamp. Still in post as far as checked (Wikipedia; NOWFASHION lists AW26 on 7 Mar 2026; LVMH posted a Celine SS27 show item on 6 Oct 2026)."
chanel,Karl Lagerfeld,womenswear,,1983-01-25,Couture SS83,Paris,2019-03-05,2019-02-19,"https://www.dazeddigital.com/fashion/article/31101/1/eight-throwback-moments-from-chanel-s-runway-archive | https://kr.fashionnetwork.com/news/Chanel-entrusts-creative-direction-to-Virginie-Viard,1069722.html | https://hr.fashionnetwork.com/news/Chanel-A-winter-wonderland-farewell-to-Karl-with-a-minute-s-silence,1075438.html",true,"Appointment announcement date not confirmed, left blank; FashionNetwork says he took up the reins in January 1983 and Dazed gives his first show as 25 Jan 1983 at 31 rue Cambon. Died 19 Feb 2019; Chanel named Virginie Viard the same day. Last collection AW19 shown posthumously on Tuesday 5 Mar 2019 at the Grand Palais, the first programme credited to Karl Lagerfeld and Virginie Viard."
chanel,Virginie Viard,womenswear,2019-02-19,2019-05-03,Cruise 2020,Paris,2024-05-02,2024-06-05,"https://kr.fashionnetwork.com/news/Chanel-entrusts-creative-direction-to-Virginie-Viard,1069722.html | https://harpersbazaar.my/fashion/chanel-resort-2020-show-virginie-viard/ | https://hr.fashionnetwork.com/news/Chanel-A-winter-wonderland-farewell-to-Karl-with-a-minute-s-silence,1075438.html | https://www.chanel.com/gb/fashion/news/2024/04/chanel-cruise-2024-25-show.html | https://www.harpersbazaar.in/fashion/story/at-the-chanel-cruise-202425-show-summer-made-a-timeless-comeback-997897-2024-05-03 | https://th.fashionnetwork.com/news/Virginie-viard-to-exit-chanel,1639229.html",true,"First collection solely hers: Cruise 2020 at the Grand Palais, 3 May 2019. She co-signed Lagerfeld's last collection (AW19, 5 Mar 2019) and took that bow. Last show she presented: Cruise 2024/25 on the Cité Radieuse rooftop, Marseille, Thursday 2 May 2024 (date from Chanel's show announcement; review published 3 May). Exit announced late Wednesday 5 Jun 2024. Couture AW24 (25 Jun 2024) was billed in advance as her last collection but was completed by the in-house team and shown without her, so it is counted under the design studio row."
chanel,design studio,womenswear,,2024-06-25,Couture AW24,Paris,2025-07-08,2024-12-12,"https://ww.fashionnetwork.com/news/Virginie-viard-a-no-show-at-her-last-chanel-show,1644848.html | https://www.news4jax.com/entertainment/2024/06/25/chanel-goes-to-the-opera-in-a-gleaming-but-designer-less-couture-collection/ | https://ca.fashionnetwork.com/news/Chanel-couture-a-highland-fling,1747259.html | https://nz.fashionnetwork.com/news/Chanel-names-matthieu-blazy-as-new-creative-director-of-the-house,1685973.html",true,"Chanel in-house studio after Viard's exit, no named lead. First show Couture AW24 at the Palais Garnier, Tuesday 25 Jun 2024 (completed by the in-house team; begun under Viard). Last show Couture AW25 at the Grand Palais, Tuesday 8 Jul 2025, described by FashionNetwork as the last of seven collections by the in-house studio. No appointment announcement, so announced_date is blank; left_announced_date is the day Matthieu Blazy's appointment was announced."
chanel,Matthieu Blazy,womenswear,2024-12-12,2025-10-06,SS26,Paris,,,"https://nz.fashionnetwork.com/news/Chanel-names-matthieu-blazy-as-new-creative-director-of-the-house,1685973.html | https://www.fhcm.paris/en/collection/chanel-womenswear-springsummer-2026 | https://en.wikipedia.org/wiki/Matthieu_Blazy | https://nowfashion.com/chanel-ready-to-wear-spring-summer-2027-paris",true,"Title: artistic director of fashion activities. Announced 12 Dec 2024, about an hour after Kering announced his exit from Bottega Veneta. First show SS26, Paris, 6 Oct 2025 (FHCM official collection page). Still in post as far as checked: Wikipedia describes him as Chanel's creative director and NOWFASHION lists Chanel SS27 on 5 Oct 2026 (designer not named there)."
chloe,Clare Waight Keller,womenswear,2011-05-09,2011-10-03,SS12,Paris,2017-03-02,2017-01-30,"https://id.fashionnetwork.com/news/Clhoe-hands-over-the-creative-reins-to-Clare-Waight-Keller,172143.html | https://www.thefashionspot.com/?p=167211 | https://globalnews.ca/news/161785/chloe-designer-sheds-predecessors-thick-camel-layers-to-reveal-charming-looks/ | https://fashionunited.uk/news/people/chloe-confirms-exit-of-clare-waight-keller/2017013023338 | https://www.gettyimages.com/detail/news-photo/designer-clare-waight-keller-walks-the-runway-during-the-news-photo/647076994",true,"Tenure began before 2012 and ran into the window. Appointment announced 2011-05-09 to succeed Hannah MacGibbon, effective 2011-06-01 (FashionNetwork; The Fashion Spot, both 2011-05-09). First show SS12, Paris, Monday 2011-10-03 (AP via Global News). Chloé confirmed her exit on Monday 2017-01-30, leaving on 2017-03-31 (FashionUnited); last show AW17, Paris, 2017-03-02 (Getty)."
chloe,Natacha Ramsay-Levi,womenswear,2017-03-10,2017-09-28,SS18,Paris,2020-10-01,2020-12-03,"https://uk.fashionnetwork.com/news/Chloe-names-natacha-ramsay-levi-creative-director,803268.html | https://uk.fashionnetwork.com/news/Confident-and-cool-at-chloe,874135.html | https://fashionweekdaily.com/sofia-achavals-ss-21-paris-fashion-week-diary-day-4 | https://fashionunited.uk/news/people/chloe-confirms-creative-director-natacha-ramsay-levi-to-step-down/2020120352341 | https://www.nylon.com/fashion/chloe-new-creative-director-is-gabriela-hearst",true,"Appointment reported 2017-03-10, effective 2017-04-03 (FashionNetwork). First show SS18 at Chloé's Paris headquarters on Thursday morning 2017-09-28 (FashionNetwork, same day). Last show SS21, outdoor show on the Palais de Tokyo steps, 2020-10-01 (Fashion Week Daily diary, 'Day 4: October 1, 2020'). Departure confirmed Thursday 2020-12-03, effective immediately (FashionUnited; Nylon)."
chloe,Gabriela Hearst,womenswear,2020-12-07,2021-03-03,AW21,Paris,2023-09-28,2023-07-06,"https://www.purseblog.com/news/chloe-appoints-gabriela-hearst-as-creative-director/ | https://www.nylon.com/fashion/chloe-new-creative-director-is-gabriela-hearst | https://ae.fashionnetwork.com/news/Paris-fashion-week-day-three-hearst-debuts-at-chloe-patou-looks-polished-acne-goes-avant-garde-and-thebe-magugu-wows,1284489.html | https://fashionunited.com/news/people/gabriela-hearst-to-exit-chloe/2023060654206 | https://fashionunited.uk/news/people/chloe-confirms-departure-of-creative-director-gabriela-hearst/2023070670409 | https://www.purseblog.com/news/from-the-rumor-mill-gabriela-hearst-to-depart-chloe/ | https://www.ksat.com/news/world/2023/09/28/last-samba-in-paris-gabriela-hearst-exits-chloe-dancing-not-crying-with-runway-swan-song/",true,"Named 2020-12-07, effective immediately (Purseblog and Nylon, both 2020-12-07). First collection AW21, a digital video show shot in Saint-Germain and put online at 13:00 on Wednesday 2021-03-03 during Paris Fashion Week (FashionNetwork). Exit reported by WWD in June 2023 (FashionUnited 2023-06-06) and confirmed by Chloé on 2023-07-06 (FashionUnited; Purseblog). Last show SS24, Paris, Thursday 2023-09-28 (AP via KSAT)."
chloe,Chemena Kamali,womenswear,2023-10-09,2024-02-29,AW24,Paris,,,https://www.malaymail.com/amp/news/life/2023/10/09/chloe-names-new-designer-chemena-kamali/95355 | https://www.news4jax.com/entertainment/2024/02/29/chloes-new-designer-chemena-kamali-puts-on-a-1970s-tinged-debut-at-paris-fashion-week/ | https://tg24.sky.it/spettacolo/2026/09/28/paris-fashion-week-calendario | https://kesq.com/entertainment/cnn-style/2026/10/07/heres-whats-happening-at-paris-fashion-week,true,"Named on Monday 2023-10-09 (AFP via Malay Mail), which said she would first present a pre-collection in Paris in January 2024 (a trade presentation, not counted as a show). First show AW24, Paris, Thursday 2024-02-29 (AP via News4Jax). Still in post: SS27 was scheduled in Paris on 2026-10-01 (Sky TG24 calendar) and reported as designed by Kamali (CNN via KESQ, 2026-10-07)."
dior,Kris Van Assche,menswear,,2007-07-01,SS08,Paris,2018-01-20,2018-03-19,"https://www.fashionlines.com/2007/may/peoplePlacesVanAsscheDiorHomme.php | https://pl.fashionnetwork.com/news/Paris-Fashion-Week-Christian-Dior-Cerruti-and-Smalto,19313.html | https://www.wonderlandmagazine.com/2018/01/22/pfw-dior-homme-aw18/ | https://pl.fashionnetwork.com/news/Kim-Jones-replaces-Kris-Van-Assche-at-Dior-Homme,959507.html",true,"Dior Homme artistic director. Appointment announcement date not confirmed: a report dated 29 Mar 2007 said LVMH was close to naming him. First collection presented on live models rather than a catwalk, Sunday 1 Jul 2007. Last show AW18 at the Grand Palais Salon d'Honneur; review dated 22 Jan 2018 refers to Saturday's show, i.e. 20 Jan 2018. Exit announced with Kim Jones's appointment on 19 Mar 2018."
dior,design studio,womenswear,,2011-07-04,Couture AW11,Paris,2012-03-02,2012-04-09,"https://ww.fashionnetwork.com/news/Post-galliano-dior-embraces-eclecticism,186260.html | https://sa.fashionnetwork.com/news/Dior-s-autumn-ballet-brings-light-step-to-Paris,238579.html | https://www.out.com/fashion/truman-says/2012/04/09/raf-simons-announced-artistic-director-dior",true,"Interim studio led by Bill Gaytten after John Galliano's dismissal; in post on 1 Jan 2012. First show is Gaytten's first collection, Couture AW11, Monday 4 Jul 2011 (he took the bow). Last show AW12 ready-to-wear at the Musée Rodin; AFP report published Sunday 4 Mar 2012 says the show was on Friday, i.e. 2 Mar 2012. No appointment announcement; left_announced_date is the day Raf Simons's appointment was announced."
dior,Raf Simons,womenswear,2012-04-09,2012-07-02,Couture AW12,Paris,2015-10-02,2015-10-22,"https://www.out.com/fashion/truman-says/2012/04/09/raf-simons-announced-artistic-director-dior | https://www.lalibre.be/lifestyle/mode/2012/07/02/debut-seduisant-du-belge-raf-simons-chez-dior-BC5TVUUZQBFTZJLYDIRJDHUQH4/ | https://ca.fashionnetwork.com/news/New-look-Dior-blooms-at-Paris-couture,518341.html | https://www.dhnet.be/lifestyle/beaute-mode/2015/10/02/fashion-week-chez-dior-douceur-et-montagne-de-fleurs-NYOJPECHYNA4PADLQEF4RWT76U/ | https://ww.fashionnetwork.com/news/Raf-simons-quits-as-dior-creative-director,586344.html",true,"Creative director of Dior women's collections. First show Couture AW12 in a flower-filled hôtel particulier, Monday 2 Jul 2012. Last show SS16 ready-to-wear, Cour Carrée du Louvre, Friday 2 Oct 2015. Exit announced Thursday 22 Oct 2015."
dior,design studio,womenswear,,2016-01-25,Couture SS16,Paris,2016-07-04,2016-07-08,"https://uk.fashionnetwork.com/news/Provisional-timetable-for-spring-summer-2016-haute-couture-shows,611947.html | https://www.ibtimes.co.uk/paris-fashion-week-first-dior-show-without-raf-simons-shows-women-pride-style-1540112 | https://sa.fashionnetwork.com/news/Dior-goes-back-to-basics-as-Chiuri-waits-in-wings,710280.html | https://www.ansa.it/amp/english/news/2016/07/08/maria-grazia-chiuri-appointed-artistic-director-of-dior_a7c79152-0588-4693-b05d-9e56e7d47296.html",true,"Interim studio led by Serge Ruffieux and Lucie Meier after Raf Simons. First show Couture SS16, Monday 25 Jan 2016 (timetable plus review). Last show Couture AW16, Monday 4 Jul 2016. No appointment announcement; left_announced_date is the day Maria Grazia Chiuri's appointment was announced."
dior,Maria Grazia Chiuri,womenswear,2016-07-08,2016-09-30,SS17,Paris,2025-05-27,2025-05-29,"https://www.ansa.it/amp/english/news/2016/07/08/maria-grazia-chiuri-appointed-artistic-director-of-dior_a7c79152-0588-4693-b05d-9e56e7d47296.html | https://gulfnews.com/amp/story/lifestyle%2Ffashion%2Fmaria-grazia-chiuri-debuts-at-dior-at-paris-fashion-week-1.1904913 | https://numero.com/en/fashion/fashion-week-en/dior-cruise-2026-show-lights-up-rome/ | https://ww.fashionnetwork.com/news/Dior-confirms-maria-grazia-chiuri-s-exit,1735331.html",true,"Artistic director of Dior women's collections. First show SS17, Friday 30 Sep 2016. Last show Cruise 2026 at Villa Albani Torlonia, Rome, 27 May 2025. Dior confirmed her exit on Thursday 29 May 2025."
dior,Kim Jones,menswear,2018-03-19,2018-06-23,SS19,Paris,2025-01-24,2025-01-31,"https://pl.fashionnetwork.com/news/Kim-Jones-replaces-Kris-Van-Assche-at-Dior-Homme,959507.html | https://gr.fashionnetwork.com/news/Dior-Homme-a-perhaps-too-respectful-homage-to-Monsieur-Dior-at-Kim-Jones-debut,990947.html | https://www.ksat.com/business/2025/01/24/kim-jones-sharpens-vip-filled-dior-mens-fashion-with-a-structured-masculine-recalibration/ | https://ca.fashionnetwork.com/news/Kim-jones-steps-down-from-dior-menswear-creative-helm,1698261.html",true,"Dior Homme (later Dior Men) artistic director. First show at the Garde Républicaine barracks, Saturday 23 Jun 2018. Last show AW25 at the Ecole Militaire, Friday 24 Jan 2025. Exit announced Friday 31 Jan 2025."
dior,Jonathan Anderson,both,2025-06-02,2025-10-01,SS26,Paris,,,"https://www.irishtimes.com/life-style/fashion/2025/06/02/dior-appoints-irishman-jonathan-anderson-as-sole-creative-director/ | https://fashionunited.in/news/fashion/standing-ovation-for-jonathan-andersons-debut-womenswear-show-for-dior/2025100151672 | https://uk.fashionnetwork.com/news/Dior-men-appoints-jonathan-anderson-as-creative-director,1721580.html | https://numero.com/mode/fashion-week/premier-defile-jonathan-anderson-dior-homme-printemps-ete-2026/ | https://bdnews24.com/Fashion/sgqahrbtss",true,"First womenswear show; menswear debut earlier. Named creative director of Dior men's collections on 17 Apr 2025; first Dior Men show (SS26) Friday 27 Jun 2025, Paris. Named creative director of women's, men's and haute couture on 2 Jun 2025. First womenswear show SS26, Jardin des Tuileries, Wednesday 1 Oct 2025. Still in post: showed SS27 on Tuesday 29 Sep 2026."
dolce_gabbana,Domenico Dolce and Stefano Gabbana,both,,,,,,,https://www.irishnews.com/entertainment/dolce-gabbana-co-founder-stefano-gabbana-steps-down-as-chairman-AKUBJQNB7VIO3FOEL6Z3AGQ37I/ | https://s.thepeninsula.qa/article/10/04/2026/dg-co-founder-gabbana-resigns-as-chairman-company | https://fashionweekdaily.com/milan-fashion-week-calendar-spring-summer-2027/,true,"Founders; tenure predates the window and creative leadership did not change 2012 to 2026, so all date fields are blank by design. Stefano Gabbana stepped down as chairman (effective 2026-01-01, reported 2026-04-10; Alfonso Dolce took the chair) but keeps his creative role and continues to shape collections with Domenico Dolce (Irish News; The Peninsula). SS27 was on the Milan calendar for 2026-09-26 (Fashion Week Daily)."
dries_van_noten,Dries Van Noten,both,,,,,2024-06-22,2024-03-19,https://fashionista.com/2024/03/dries-van-noten-stepping-down | https://abcnews.go.com/Lifestyle/wireStory/mythical-chic-jonathan-andersons-loewe-menswear-spells-magic-111339194 | https://www.gettyimages.com.au/detail/news-photo/models-walk-the-runway-during-the-dries-van-noten-menswear-news-photo/2158791383,true,"Founder; tenure predates the window. Announced his departure by letter on Tuesday 2024-03-19 (Fashionista). Final show, his 150th, was the SS25 menswear show at the Babcock factory, La Courneuve, Paris, Saturday 2024-06-22 (Getty; AP via ABC News). His last womenswear show was AW24 in early 2024 (date not checked)."
dries_van_noten,design studio,womenswear,2024-03-19,2024-09-25,SS25,Paris,2024-09-25,2024-12-09,https://fashionista.com/2024/03/dries-van-noten-stepping-down | https://www.gettyimages.com/detail/news-photo/ami-suzuki-and-aya-suzuki-a-k-a-amiaya-attend-the-dries-van-news-photo/2174431082 | https://fashionunited.uk/news/fashion/in-pictures-the-first-dries-van-noten-show-without-dries/2024092677774 | https://fashionweekdaily.com/julien-klausner-is-dries-van-notens-new-creative-director/,true,"Fashionista reported on 2024-03-19 that a studio team would handle SS25 womenswear. That SS25 womenswear runway show, Paris, 2024-09-25 (Getty), was designed by the studio team and reportedly approved piece by piece by Van Noten (FashionUnited 2024-09-26). Interim ended when Julian Klausner was named (2024-12-09)."
dries_van_noten,Julian Klausner,both,2024-12-09,2025-03-05,AW25,Paris,,,"https://fashionweekdaily.com/julien-klausner-is-dries-van-notens-new-creative-director/ | https://fashionunited.com/news/people/julian-klausner-appointed-as-creative-director-at-dries-van-noten/2024120963351 | https://www.puig.com/en/newsroom/julian_klausner_appointed_creative_director_of_dries_van_noten/ | https://www.anothermag.com/fashion-beauty/16116/willy-vandeperre-dries-van-noten-aw25-julian-klausner-new-creative-director | https://www.news4jax.com/entertainment/2025/03/05/new-dries-van-noten-designer-blends-the-archive-with-a-new-voice-in-paris/ | https://ww.fashionnetwork.com/news/Paris-fashion-week-drew-henry-s-courreges-debut-and-joyous-glamour-at-dries-van-noten,1872000.html",true,"Named creative director of the women's and men's collections, reported 2024-12-09 (Fashion Week Daily; FashionUnited; Puig release, undated). His first collection was the Winter 2025 menswear, released as a lookbook shot by Willy Vanderperre on 2025-01-23 (AnOther), not counted as a show. First runway show AW25 womenswear, Opéra Garnier, Paris, Wednesday 2025-03-05 (AP via News4Jax). Still in post: SS27, shown in Paris on Wednesday 2026-09-30, reviewed as his (FashionNetwork 2026-10-01)."
fendi,Silvia Venturini Fendi,menswear,,,,,2025-09-24,,https://fashionista.com/2019/09/fendi-spring-2020-review | https://en.wikipedia.org/wiki/Fendi | https://nowfashion.com/brand/fendi | https://theimpression.com/fendi-fall-2026-fashion-show-review/,true,"Artistic director of menswear and accessories since before 2012 (Fashionista: 'originally creative directing accessories and menswear'); start date not confirmed, left blank. Last standalone menswear show SS25, Milan, 15 Jun 2024 (NOWFASHION); after that menswear was shown in co-ed shows, the last under her being SS26, Milan, 24 Sep 2025. Menswear passed to Maria Grazia Chiuri (appointed October 2025, exact date not confirmed). Wikipedia cites a WWD report of 29 Sep 2025 naming her honorary president."
fendi,Karl Lagerfeld,womenswear,,,,,2019-02-21,2019-02-19,"https://nowfashion.com/fendi-ready-to-wear-fall-winter-2019-milan | https://kr.fashionnetwork.com/news/Chanel-entrusts-creative-direction-to-Virginie-Viard,1069722.html | https://fashionista.com/2019/09/fendi-spring-2020-review",true,"Long-serving creative director of Fendi womenswear; appointment and first show dates not confirmed, left blank. Died 19 Feb 2019 (FashionNetwork); left_announced_date is the date of his death. Last show AW19, Milan, 21 Feb 2019, two days after his death (NOWFASHION)."
fendi,Kim Jones,womenswear,,,,,2024-09-17,,https://en.wikipedia.org/wiki/Kim_Jones_(designer) | https://en.wikipedia.org/wiki/Fendi | https://nowfashion.com/fendi-ready-to-wear-fall-winter-2021-milan | https://nowfashion.com/fendi-couture-spring-summer-2021-paris | https://theimpression.com/fashion-show-calendar/week/2024-09-16/ | https://nowfashion.com/brand/fendi | https://it.wikipedia.org/wiki/Fendi,true,"Artistic director of womenswear, couture and fur, alongside his Dior Men role. Appointment announced September 2020 and exit announced October 2024 (Wikipedia; exact dates not confirmed, left blank; the appointment citations, WWD per English Wikipedia and Corriere della Sera per Italian Wikipedia, are both dated 9 Sep 2020 but could not be read). First collection was Couture SS21 in Paris in late January 2021, exact date not confirmed (NOWFASHION's 29 Jan 2021 09:32 GMT looks like a gallery timestamp), so first_show_date is blank; first ready-to-wear show AW21, Milan, 24 Feb 2021 (NOWFASHION). Last show SS25, Milan, Tuesday 17 Sep 2024, 15:00 (The Impression calendar; NOWFASHION)."
fendi,Silvia Venturini Fendi,womenswear,,2019-09-19,SS20,Milan,2020-09-23,,https://fashionista.com/2019/09/fendi-spring-2020-review | https://nowfashion.com/fendi-ready-to-wear-spring-summer-2020-milan | https://nowfashion.com/fendi-ready-to-wear-spring-summer-2021-milan-2 | https://en.wikipedia.org/wiki/Fendi | https://it.wikipedia.org/wiki/Fendi,true,"Interim womenswear lead after Lagerfeld's death; she remained artistic director of accessories and menswear (see her menswear row). No formal appointment announcement found; Italian Wikipedia says she took over both men's and women's collections on Lagerfeld's death, 19 Feb 2019. First womenswear show SS20, Milan, Thursday 19 Sep 2019 (Fashionista; NOWFASHION). Last womenswear show before Kim Jones: SS21, Milan, 23 Sep 2020 (NOWFASHION). Kim Jones's appointment was announced in September 2020 (Wikipedia, citing WWD); exact date not confirmed, so left_announced_date is blank."
fendi,Silvia Venturini Fendi,womenswear,,2025-02-26,AW25,Milan,2025-09-24,,https://en.wikipedia.org/wiki/Fendi | https://theimpression.com/fashion-show-calendar/week/2025-02-24/ | https://theimpression.com/fashion-show-calendar/week/2025-09-22/ | https://nowfashion.com/brand/fendi | https://t2online.in/goodlife/fashion-beauty/schedule-s-out--milan-spring-2026-highlights-demna-s-gucci-and-armani-s-50th/2000318,true,"Second interim period after Kim Jones's exit (Wikipedia: she resumed oversight of women's alongside accessories and menswear). No appointment announcement found. Shows were co-ed: AW25, Milan, Wednesday 26 Feb 2025, 19:30, and SS26, Milan, Wednesday 24 Sep 2025, 14:00 (The Impression calendars; NOWFASHION); a schedule report of 2 Aug 2025 says SS26 was led by her. Maria Grazia Chiuri was appointed in October 2025 (Wikipedia, citing Elle 14 Oct 2025); exact date not confirmed, so left_announced_date is blank."
fendi,Maria Grazia Chiuri,both,,2026-02-25,AW26,Milan,,,https://en.wikipedia.org/wiki/Maria_Grazia_Chiuri | https://en.wikipedia.org/wiki/Fendi | https://theimpression.com/fendi-fall-2026-fashion-show-review/ | https://nowfashion.com/fendi-ready-to-wear-fall-winter-2026-milan | https://nowfashion.com/brand/fendi | https://www.lvmh.com/en/news-lvmh,true,"Chief creative officer; men's and women's both under her (The Impression). Appointed October 2025 (Wikipedia); exact announcement date not confirmed, left blank. First show AW26, co-ed, Milan, 25 Feb 2026 (NOWFASHION; The Impression review names her). Still in post: NOWFASHION lists Couture AW26 (Rome, 9 Jul 2026) and SS27 (Milan, 23 Sep 2026), and LVMH posted a Fendi SS27 item on 25 Sep 2026."
givenchy,Riccardo Tisci,both,,,,,2016-10-02,,https://en.wikipedia.org/wiki/Givenchy | https://en.wikipedia.org/wiki/Riccardo_Tisci | https://nowfashion.com/givenchy-ready-to-wear-spring-summer-2017-paris | https://nowfashion.com/givenchy-menswear-fall-winter-2017-paris,true,"Creative director from February 2005 (Wikipedia); start dates not filled. Last womenswear show SS17, Paris, 2 Oct 2016; last show overall menswear AW17, Bibliothèque nationale de France, Paris, 20 Jan 2017 (both NOWFASHION, which names him). Exit announced February 2017 (Wikipedia, citing a Guardian report of 2 Feb 2017); exact date not confirmed, left blank. No Givenchy show between his exit and Clare Waight Keller's debut was found (NOWFASHION lists no AW17 womenswear show)."
givenchy,Clare Waight Keller,both,,2017-10-01,SS18,Paris,2020-03-01,,https://en.wikipedia.org/wiki/Clare_Waight_Keller | https://en.wikipedia.org/wiki/Givenchy | https://nowfashion.com/givenchy-ready-to-wear-spring-summer-2018-paris | https://nowfashion.com/brand/givenchy,true,"Artistic director, women's and men's. Appointment announced March 2017 and exit April 2020 (Wikipedia, citing Vogue of 16 Mar 2017 and the Guardian of 10 Apr 2020); exact dates not confirmed, left blank. First show SS18, Paris, 1 Oct 2017 (NOWFASHION names her). Last show AW20 womenswear, Paris, 1 Mar 2020 (NOWFASHION); her last couture show was SS20 on 21 Jan 2020 and last menswear show AW20 on 16 Jan 2020 (NOWFASHION)."
givenchy,Matthew M. Williams,both,,2020-10-04,SS21,Paris,2023-09-28,,https://en.wikipedia.org/wiki/Matthew_M._Williams | https://en.wikipedia.org/wiki/Givenchy | https://nowfashion.com/givenchy-ready-to-wear-spring-summer-2021-paris | https://nowfashion.com/brand/givenchy | https://www.fhcm.paris/sites/default/files/w/files/mf-ss24-off_5_1.pdf,false,"Creative director, women's and men's, June 2020 to 1 Jan 2024 (Wikipedia); appointment and exit announcement dates not confirmed (Wikipedia gives June 2020 and November 2023, its sources date from 15 Jun 2020 and 1 Dec 2023), left blank. First show SS21, Paris, 4 Oct 2020 (NOWFASHION, designer not named; attribution inferred from timing). Last show SS24 womenswear, Paris, 28 Sep 2023 (NOWFASHION; listed in the FHCM SS24 calendar); last menswear show SS24 on 22 Jun 2023 (NOWFASHION)."
givenchy,design studio,both,,2024-02-29,AW24,Paris,2024-02-29,,https://hypebeast.com/2024/3/givenchy-fw24-womenswear-collection-paris-fashion-week-runway | https://nowfashion.com/brand/givenchy | https://en.wikipedia.org/wiki/Sarah_Burton,true,"House design team after Matthew Williams left at the end of 2023 (Hypebeast, 1 Mar 2024). First womenswear show; menswear earlier: the team opened the interim with AW24 menswear in January (NOWFASHION: 17 Jan 2024). Only womenswear show AW24, Paris, 29 Feb 2024 (NOWFASHION); no SS25 show is listed. No appointment announcement; the period ended with Sarah Burton's appointment in September 2024 (exact date not confirmed, so left_announced_date is blank)."
givenchy,Sarah Burton,both,,2025-03-07,AW25,Paris,,,https://en.wikipedia.org/wiki/Sarah_Burton | https://en.wikipedia.org/wiki/Givenchy | https://nowfashion.com/givenchy-ready-to-wear-fall-winter-2025-paris | https://nowfashion.com/brand/givenchy,true,"Creative director. Appointed September 2024 (Wikipedia; its source is a WWD exclusive of 9 Sep 2024); exact announcement date not confirmed, left blank. First collection shown March 2025 (Wikipedia): AW25, Paris, 7 Mar 2025 (NOWFASHION). Her first menswear look appeared on 2 Mar 2025 at the Academy Awards (Wikipedia); NOWFASHION lists a Givenchy menswear SS27 show on 25 Jun 2026 without naming the designer. No departure found (Wikipedia describes her as current)."
gucci,Frida Giannini,both,,2005-06-15,Cruise 2006,New York,2014-09-17,2014-12-12,https://fashionunited.uk/news/fashion/gucci-girl-forever-sexy/2005061636408 | https://www.just-style.com/news/italy-gucci-menswear-creative-director-resigns | https://fashionunited.uk/v1/fashion/gucci-takes-audience-on-70s-trip-during-mfw/2014091813803 | https://www.ansa.it/english/news/2014/12/12/giannini-and-di-marco-leave-gucci-update_81fccf47-7bb3-4443-b1fa-36729a308ee4.html | https://www.dazeddigital.com/fashion/article/23282/1/gucci-overhauls-menswear-show-after-frida-gianninis-exit,true,"Named creative director of womenswear in 2005 (FashionUnited, 16 Jun 2005); John Ray left the menswear post in January 2006 (just-style), and by 2012 she led both lines (Dazed reports the AW15 men's show was overhauled after her exit). Appointment announcement date not confirmed, left blank. First collection as womenswear lead: Cruise 2006 at the Gagosian Gallery, New York; FashionUnited report dated 16 Jun 2005 says it was shown 'yesterday'. Last show SS15 womenswear, Milan, Wednesday 17 Sep 2014. Kering announced her exit on Friday 12 Dec 2014, initially for after the Feb 2015 shows; she left about 9 Jan 2015 and did not show again."
gucci,Alessandro Michele,both,2015-01-21,2015-02-25,AW15,Milan,2022-09-23,2022-11-23,"https://si.fashionnetwork.com/news/Alessandro-Michele-confirmed-as-Gucci-s-new-creative-director,457943.html | https://www.dazeddigital.com/fashion/article/23282/1/gucci-overhauls-menswear-show-after-frida-gianninis-exit | https://nowfashion.com/gucci-ready-to-wear-fall-winter-2015-milan | https://www.ansa.it/english/news/lifestyle/fashion_luxury/2015/02/24/milan-shows-open-with-gucci-debut_8cff4417-d136-42df-a5ee-de6d93b450a9.html | https://ny1.com/nyc/brooklyn/ap-top-news/2022/09/23/in-milan-gucci-sunnei-and-missoni-focus-on-transformation | https://www.news4jax.com/entertainment/2022/11/23/alessandro-michele-steps-down-as-gucci-creative-director/",true,"First womenswear show; menswear debut earlier: he took the bow at the AW15 men's show in Milan on 19 Jan 2015, two days before Gucci and Kering announced his appointment (Wednesday 21 Jan 2015). First womenswear show AW15, Milan, Wednesday 25 Feb 2015. Last show SS23 'Twinsburg', Milan, Friday 23 Sep 2022. Exit announced Wednesday 23 Nov 2022."
gucci,design studio,both,,2023-02-24,AW23,Milan,2023-05-16,2023-01-28,"https://www.ksat.com/business/2023/01/13/gucci-recasts-itself-during-milan-fashion-week/ | https://www.ksat.com/entertainment/2023/02/24/milan-fashion-celebrates-girl-power-at-gucci-cormio-tods/ | https://hk.asiatatler.com/style/fashion/gucci-cruise-2024-fashion-show-seoul-korea-livestream-kai-iu-newjeans-hanni | https://theimpression.com/gucci-cruise-2024-fashion-show-review | https://fashiontechnews.zozo.com/en/culture/milan_fashionweek_mens_ss24 | https://ae.fashionnetwork.com/news/Kering-appoints-Sabato-De-Sarno-as-creative-director-of-Gucci,1480767.html",true,"In-house design team after Michele's exit. First womenswear show; menswear earlier: men's AW23, Milan, Friday 13 Jan 2023 (team took no bows). Womenswear AW23, Milan, Friday 24 Feb 2023. Last show Cruise 2024 at Gyeongbokgung Palace, Seoul, Tuesday 16 May 2023 (livestream notice plus same-day review). Men's SS24 in June 2023 was a presentation by the design team, not a runway; exact date not confirmed. No appointment announcement; left_announced_date is the day Sabato De Sarno's appointment was announced."
gucci,Sabato De Sarno,both,2023-01-28,2023-09-22,SS24,Milan,2024-09-20,2025-02-06,"https://ae.fashionnetwork.com/news/Kering-appoints-Sabato-De-Sarno-as-creative-director-of-Gucci,1480767.html | https://www.ksat.com/news/world/2023/09/22/sabato-de-sarno-makes-much-anticipated-debut-at-gucci-under-the-gaze-of-stars-like-julia-roberts/ | https://gucci-oona.prezly.com/gucci-womenswear-fashion-show-spring-summer-2025-casual-grandeur | https://tg24.sky.it/spettacolo/2024/09/20/sfilata-gucci-milano-fashion-week | https://laconceria.it/en/fashion-show/future-starts-slow-guccis-love-measure-parades-in-milan | https://www.ansa.it/english/news/general_news/2025/02/06/kerings-gucci-parts-ways-with-creative-director-de-sarno_dad4755d-6327-4776-9bf7-aa6a9d32725d.html",true,"Kering announced the appointment on Saturday 28 Jan 2023. First show SS24 ('Ancora'), Milan, Friday 22 Sep 2023; his menswear debut came later (La Conceria calls the 17 Jun 2024 men's show his second; the first was not checked). Last show SS25 womenswear at Triennale Milano, 20 Sep 2024 (Gucci press release); last menswear show SS25 at the Triennale, Monday 17 Jun 2024. Exit announced Thursday 6 Feb 2025; the AW25 show was assigned to the design office."
gucci,design studio,both,,2025-02-25,AW25,Milan,2025-05-15,2025-03-13,"https://www.ansa.it/english/news/general_news/2025/02/06/kerings-gucci-parts-ways-with-creative-director-de-sarno_dad4755d-6327-4776-9bf7-aa6a9d32725d.html | https://numero.com/en/?p=642826 | https://uk.fashionnetwork.com/news/Gucci-returns-to-co-ed-show-format,1680357.html | https://imfirenzedigest.com/2025/05/23/gucci-cruise-2026-florence-show/ | https://www.milanofinanza.it/fashion/da-fabbrica-ad-archivio-palazzo-settimanni-apre-le-porte-con-la-cruise-2026-di-gucci-202505151547075071 | https://www.ansa.it/english/news/2025/03/13/demna-named-new-creative-director-of-gucci_cff86059-fc6d-4935-9094-653186de3d88.html",true,"Gucci design office after De Sarno's exit; co-ed shows. First show AW25, Milan, Tuesday 25 Feb 2025. Last show Cruise 2026 in Florence (Palazzo Settimanni archive), 15 May 2025, credited to the in-house team (local review published 23 May; Milano Finanza same-day notice of the 20:00 show). No appointment announcement; left_announced_date is the day Demna's appointment was announced."
gucci,Demna,both,2025-03-13,2025-09-23,SS26 (La Famiglia),Milan,,,"https://www.ansa.it/english/news/2025/03/13/demna-named-new-creative-director-of-gucci_cff86059-fc6d-4935-9094-653186de3d88.html | https://uk.fashionnetwork.com/news/Gucci-entrusts-its-artistic-direction-to-demna,1711708.html | https://www.news4jax.com/entertainment/2025/09/23/gucci-unveils-demnas-premiere-looks-in-spike-jonze-halina-reijn-film-starring-demi-moore/ | https://www.news4jax.com/entertainment/2026/02/27/kate-moss-closes-demnas-first-gucci-show-in-a-plunging-gown-and-branded-thong/ | https://www.wallpaper.com/fashion-beauty/gucci-ss-2027-demna-show-review-milan-fashion-week",true,"Artistic director. Kering and Gucci announced the appointment on Thursday 13 Mar 2025, effective early July 2025. First collection 'La Famiglia' was released as a digital lookbook on Instagram on Monday 22 Sep 2025 and shown on the red carpet of the Milan premiere of the short film 'The Tiger' on Tuesday 23 Sep 2025; no runway. First runway show AW26, Milan, Friday 27 Feb 2026. Still in post: second runway show SS27, Milan, 25 Sep 2026."
hermes,Véronique Nichanian,menswear,,,,,2026-01-24,,https://en.wikipedia.org/wiki/V%C3%A9ronique_Nichanian | https://theimpression.com/fashion-show-calendar/week/2026-01-19/ | https://nowfashion.com/brand/hermes | https://www.casawi.eu/post/grace-wales-bonner-hermes-menswear-director,true,"Artistic director of Hermès menswear from 1988 (Wikipedia); start dates not filled. Final show, her 76th, AW26 menswear, Paris, Saturday 24 Jan 2026, 20:00 (Wikipedia; The Impression calendar; NOWFASHION). Her departure was announced in October 2025, a few days before Hermès confirmed Grace Wales Bonner (report of 21 Oct 2025); exact date not confirmed, left blank."
hermes,Christophe Lemaire,womenswear,,2011-03-06,AW11,Paris,2014-03-05,,https://en.wikipedia.org/wiki/Herm%C3%A8s | https://nowfashion.com/hermes-ready-to-wear-fall-winter-2011-paris-2 | https://nowfashion.com/hermes-ready-to-wear-fall-winter-2014-paris,false,"Artistic director of women's ready-to-wear 2010 to 2014 (Wikipedia); announcement and exit dates not confirmed, left blank. Show dates from NOWFASHION, which does not name the designer: AW11, Paris, 6 Mar 2011 (taken as his first) and AW14, Paris, 5 Mar 2014 (taken as his last); attribution inferred from the tenure years, hence verified=false."
hermes,Nadège Vanhée,womenswear,,2014-10-01,SS15,Paris,,,https://en.wikipedia.org/wiki/Herm%C3%A8s | https://nowfashion.com/hermes-ready-to-wear-spring-summer-2015-paris | https://nowfashion.com/brand/hermes,false,"Also written Nadège Vanhée-Cybulski. Artistic director of women's ready-to-wear since 2014 (Wikipedia); appointment date not confirmed, left blank. First show taken as SS15, Orangerie du Sénat, Paris, 1 Oct 2014 (NOWFASHION, designer not named; attribution inferred). No departure found: NOWFASHION lists SS27 on 3 Oct 2026."
hermes,Grace Wales Bonner,menswear,2025-10-21,,,,,,https://www.casawi.eu/post/grace-wales-bonner-hermes-menswear-director | https://en.wikipedia.org/wiki/Grace_Wales_Bonner | https://en.wikipedia.org/wiki/Herm%C3%A8s,false,"Creative director of men's ready-to-wear. Announcement date from a blog report of 21 Oct 2025 saying Hermès had confirmed her (Wikipedia also cites a New York Times report of that date), hence verified=false. First collection scheduled for January 2027; not yet shown."
jil_sander,Raf Simons,both,,,,,2012-02-25,,https://nowfashion.com/jil-sander-ready-to-wear-fall-winter-2012-milan | https://en.wikipedia.org/wiki/Raf_Simons | https://en.wikipedia.org/wiki/Jil_Sander,true,"Creative director of women's and men's from 2005 (Wikipedia); start dates not confirmed, left blank. Last collection AW12 (Wikipedia), shown in Milan on 25 Feb 2012 (NOWFASHION). His exit and Jil Sander's return were announced in February 2012, days before that show (Wikipedia); exact date not confirmed, left blank."
jil_sander,Jil Sander,both,,2012-09-22,SS13,Milan,2013-09-21,,https://en.wikipedia.org/wiki/Jil_Sander | https://nowfashion.com/jil-sander-menswear-spring-summer-2013-milan | https://nowfashion.com/jil-sander-ready-to-wear-spring-summer-2013-milan | https://nowfashion.com/jil-sander-ready-to-wear-spring-summer-2014-milan | https://it.wikipedia.org/wiki/Jil_Sander_(azienda),true,"Third stint at her label. Return announced February 2012 (Italian Wikipedia cites the Telegraph of 23 Feb 2012) and exit in autumn/October 2013 (Wikipedia); exact dates not confirmed, left blank. First womenswear show; menswear debut earlier: her first collection after the return was menswear SS13, Milan, 23 Jun 2012 (NOWFASHION; Italian Wikipedia: end of June 2012). First womenswear show SS13, Milan, 22 Sep 2012 (NOWFASHION). Last show SS14, Milan, 21 Sep 2013 (NOWFASHION), the last before her October 2013 exit; attribution rests on that exit date."
jil_sander,design studio,both,,2014-02-22,AW14,Milan,2014-02-22,,https://nowfashion.com/jil-sander-ready-to-wear-fall-winter-2014-milan | https://en.wikipedia.org/wiki/Jil_Sander_(brand) | https://it.wikipedia.org/wiki/Jil_Sander_(azienda),true,"Interim period between Jil Sander's exit (autumn 2013) and Rodolfo Paglialunga's appointment in April 2014 (Italian Wikipedia, citing TextilWirtschaft of 29 Apr 2014). Its only womenswear show was AW14, Milan, 22 Feb 2014 (NOWFASHION, no designer named). No appointment announcement; the period ended with Paglialunga's appointment, whose exact date was not confirmed, so left_announced_date is blank."
jil_sander,Rodolfo Paglialunga,womenswear,,2014-09-20,SS15,Milan,,,https://it.wikipedia.org/wiki/Jil_Sander_(azienda) | https://en.wikipedia.org/wiki/Jil_Sander_(brand) | https://nowfashion.com/jil-sander-ready-to-wear-spring-summer-2015-milan-2 | https://nowfashion.com/jil-sander-ready-to-wear-spring-summer-2017-milan-2 | https://nowfashion.com/jil-sander-ready-to-wear-fall-winter-2017-milan-2,false,"Creative director 2014 to 2017. Appointed April 2014 (Italian Wikipedia, citing TextilWirtschaft of 29 Apr 2014) and left in spring 2017 (citing Vogue Germany of 15 Mar 2017); exact dates not confirmed, left blank. First show taken as SS15, Milan, 20 Sep 2014, the first Jil Sander show after his appointment (NOWFASHION does not name the designer), hence verified=false. Last show not confirmed: AW17, Milan, 25 Feb 2017 if he was still in post, otherwise SS17, 24 Sep 2016 (both NOWFASHION); whether AW17 was his or a studio collection was not established, so no 2017 design-studio row was added. Scope given as womenswear; not confirmed."
jil_sander,Luke and Lucie Meier,both,,2017-09-23,SS18,Milan,2025-02-26,2025-02-26,https://it.wikipedia.org/wiki/Jil_Sander_(azienda) | https://en.wikipedia.org/wiki/Jil_Sander_(brand) | https://nowfashion.com/jil-sander-ready-to-wear-spring-summer-2018-milan | https://nowfashion.com/brand/jil-sander | https://hypebeast.com/2025/2/jil-sander-fw25-fall-winter-milan-fashion-week-collection-runway-lucie-luke-meier-exit | https://theimpression.com/fashion-show-calendar/week/2025-02-24/,true,"Co-creative directors. Appointed April 2017 (Italian Wikipedia, citing Die Welt of 7 Apr 2017); exact announcement date not confirmed, left blank. First show SS18, Milan, 23 Sep 2017 (NOWFASHION), the first show after their appointment. Last show AW25, Milan, Wednesday 26 Feb 2025, 10:30; the brand announced the end of their tenure a few hours after the show (Hypebeast; The Impression calendar)."
jil_sander,Simone Bellotti,both,,2025-09-24,SS26,Milan,,,https://en.wikipedia.org/wiki/Jil_Sander_(brand) | https://theimpression.com/fashion-show-calendar/week/2025-09-22/ | https://vogue.ph/fashion/the-milan-fashion-week-spring-2026-schedule-is-here/ | https://nowfashion.com/brand/jil-sander | https://www.anothermag.com/another-man/17132/kim-gordon-simone-bellotti-in-conversation-another-man-summer-autumn-2026,true,"Formerly creative director of Bally. Appointed spring 2025 (Wikipedia cites a BoF report dated 10 Mar 2025); exact announcement date not confirmed, left blank. First show SS26, co-ed, Milan, Wednesday 24 Sep 2025, 10:30 (The Impression calendar; Vogue Philippines schedule names it his debut; NOWFASHION). No departure found: NOWFASHION lists SS27 on 23 Sep 2026."
loewe,Stuart Vevers,both,,,,,2013-03-02,2013-06-24,"https://leatherbiz.com/News/89537 | https://fashionunited.uk/news/fashion/stuart-vevers-triumphs-with-loewe/2009031032710 | https://nowfashion.com/loewe-ready-to-wear-fall-winter-2013-paris | https://www.basquecountry-tourism.com/2013/03/loewe-was-inspired-by-bilbao/ | https://uk.fashionnetwork.com/news/Coach-names-stuart-vevers-as-creative-director,522916.html | https://fashionunited.es/v1/leads/stuart-vevers-deja-la-firma-de-lujo-espaola-loewe/2013062518565 | https://www.modaes.com/empresas/la-marcha-de-stuart-vevers-a-coach-pone-en-peligro-el-proximo-desfile-de-loewe-en-paris | https://ww.fashionnetwork.com/news/Loewe-opens-design-studio-in-paris,396805.html",true,"Creative director from January 2008; his move from Mulberry was reported 27 Jul 2007 (exact announcement date not confirmed, left blank). First Loewe catwalk show was AW09 in Paris in the week before 10 Mar 2009 (exact date not confirmed, left blank); earlier collections were not shown on a catwalk. Last show AW13, Paris, 2 Mar 2013 (NOWFASHION). Coach announced his hiring on Monday 24 Jun 2013 (FashionNetwork, published 25 Jun). No Loewe runway show was found between his exit and Anderson's first collection (27 Jun 2014): Modaes (28 Jun 2013) reported SS14 might go unshown and FashionNetwork (3 Apr 2014) says Loewe sat out an autumn/winter Paris season, so no design-studio row was added."
loewe,Jonathan Anderson,both,2013-09-25,2014-09-26,SS15,Paris,2025-03-10,2025-03-17,"https://fashionweekdaily.com/lvmh-acquires-j-w-anderson-and-names-the-designer-creative-director-for-loewe/ | https://fashionunited.uk/v1/fashion/lvmh-takes-minority-stake-in-jw-anderson/2013092612731 | https://fr.fashionnetwork.com/news/Loewe-lance-la-premiere-collection-de-jonathan-anderson,415081.html | https://fashionunited.es/noticias/moda/anderson-debuto-con-una-coleccion-luminosa-que-revivio-los-codigos-de-loewe/2014092619742 | https://hypebeast.com/2025/3/loewe-fall-winter-2025-presentation | https://www.fhcm.paris/sites/default/files/w/files/paris-fashion-week-r-official-calendar-fw25-26_9-1_0.pdf | https://wallpaper.com/fashion-beauty/jonathan-anderson-leaves-loewe | https://fashionweekdaily.com/jonathan-anderson-is-leaving-loewe/",true,"Appointed alongside LVMH's minority stake in J.W. Anderson; Fashion Week Daily reported the confirmation on 25 Sep 2013 (FashionUnited and The Guardian covered it on 26 Sep). First womenswear show; menswear debut earlier: first menswear collection presented at Loewe's new Paris headquarters, rue Bonaparte, Friday 27 Jun 2014. First womenswear show SS15 in the UNESCO gardens, Paris, Friday 26 Sep 2014. Last collection AW25, a co-ed presentation (not a runway) in Karl Lagerfeld's former home, rue de l'Université, Monday 10 Mar 2025 (FHCM calendar, 09:00 to 18:00). Loewe confirmed his exit on Monday 17 Mar 2025."
loewe,Jack McCollough and Lazaro Hernandez,both,2025-03-24,2025-10-03,SS26,Paris,,,https://www.wsls.com/entertainment/2025/03/24/jack-mccollough-and-lazaro-hernandez-named-creative-directors-at-loewe/ | https://nowfashion.com/loewe-ready-to-wear-spring-summer-2026-paris | https://en.wikipedia.org/wiki/Loewe_(fashion_brand) | https://www.diariolasamericas.com/cultura/la-firma-espanola-loewe-trae-un-aire-marino-la-pasarela-paris-n5391550/amp | https://www.lvmh.com/en/news-lvmh,true,"Proenza Schouler founders; co-creative directors. Loewe announced on Monday 24 Mar 2025; tenure began 7 Apr 2025. First show SS26, Paris, 3 Oct 2025 (NOWFASHION gives the date; Wikipedia identifies SS26 as their first collection). Still in post: their second show (AW26) was reviewed on 6 Mar 2026 and LVMH posted 'Ease and presence for Loewe Spring-Summer 2027' on 5 Oct 2026."
loro_piana,design studio,both,,,,,,,"https://ww.fashionnetwork.com/news/Milan-fashion-week-jil-sander-fendi-etro-and-loro-piana,1767527.html | https://ww.fashionnetwork.com/news/Elsewhere-in-milan-weekend-max-mara-brunello-cucinelli-capasa-ara-lumiere-and-loro-piana,1811592.html | https://ww.fashionnetwork.com/news/Lvmh-announces-key-executive-appointments-at-louis-vuitton-loro-piana-and-dior,1711244.html",false,"No named creative director found for Loro Piana; collections are credited to the house. Examples: SS26 co-ed show at Palazzo Citterio, Milan, reviewed 2025-09-24 with no designer named (FashionNetwork); AW26 presented at the Brera headquarters by product developers Nicola Salin and Alessandra Varianini (FashionNetwork 2026-03-01). Frédéric Arnault became CEO in 2025, a business role (FashionNetwork 2025-03-12). The position for 2012 to 2024 was not confirmed from a source read (web search budget ran out), hence verified false."
louis_vuitton,Marc Jacobs,womenswear,,,,,2013-10-02,,https://nowfashion.com/louis-vuitton-ready-to-wear-spring-summer-2014-paris | https://en.wikipedia.org/wiki/Louis_Vuitton,true,"Artistic director from 1997 (Wikipedia); start dates not filled. Last show SS14, Cour Carrée du Louvre, Paris, 2 Oct 2013, described by NOWFASHION as his final show for the house. Departure announcement date not confirmed, left blank."
louis_vuitton,Kim Jones,menswear,,2011-06-23,SS12,Paris,2018-01-18,2018-01-17,https://en.wikipedia.org/wiki/Kim_Jones_(designer) | https://nowfashion.com/louis-vuitton-menswear-spring-summer-2012-paris | https://nowfashion.com/louis-vuitton-menswear-fall-winter-2018-paris,false,"Men's style director (later men's artistic director) from early 2011; appointment date not confirmed, left blank. First show SS12, Paris, 23 Jun 2011, and last show AW18, Paris, 18 Jan 2018 (both NOWFASHION, which names him; the AW18 finale featured Kate Moss and Naomi Campbell). Exit announcement date 17 Jan 2018, the day before that show, is from Wikipedia only."
louis_vuitton,Nicolas Ghesquière,womenswear,2013-11-04,2014-03-05,AW14,Paris,,,https://en.wikipedia.org/wiki/Louis_Vuitton | https://nowfashion.com/louis-vuitton-ready-to-wear-fall-winter-2014-paris | https://theimpression.com/louis-vuitton-spring-2027-fashion-show-review/ | https://nowfashion.com/brand/louis-vuitton,false,"Artistic director of women's collections. Appointment date from Wikipedia only ('On 4 November 2013, the company confirmed...', citing WWD). First show AW14, Paris, 5 Mar 2014 (NOWFASHION names him). Still in post: The Impression's review of SS27 names him; NOWFASHION lists the show on 6 Oct 2026."
louis_vuitton,Virgil Abloh,menswear,2018-03-26,2018-06-21,SS19,Paris,2022-01-20,2021-11-28,https://en.wikipedia.org/wiki/Louis_Vuitton | https://en.wikipedia.org/wiki/Virgil_Abloh | https://nowfashion.com/louis-vuitton-menswear-spring-summer-2019-paris | https://nowfashion.com/louis-vuitton-menswear-fall-winter-2022-paris | https://nowfashion.com/brand/louis-vuitton,false,"Men's artistic director. Appointment date from Wikipedia only: the Louis Vuitton article says 26 Mar 2018 and the Abloh article says 25 Mar 2018 (both citing a New York Times report dated 26 Mar). First show SS19, Palais-Royal gardens, Paris, 21 Jun 2018 (NOWFASHION; Wikipedia). Died 28 Nov 2021 (Wikipedia); left_announced_date is the date of death. last_show_date is AW22, Paris, 20 Jan 2022 (NOWFASHION date), shown after his death; that it was his final collection is not confirmed by a source read here. His last show in his lifetime per NOWFASHION was SS22, 24 Jun 2021."
louis_vuitton,design studio,menswear,,2022-06-23,SS23,Paris,2023-01-19,2023-02-14,https://nowfashion.com/louis-vuitton-menswear-spring-summer-2023-paris | https://nowfashion.com/louis-vuitton-menswear-fall-winter-2023-paris | https://en.wikipedia.org/wiki/Pharrell_Williams,false,"Men's studio after Abloh's death; NOWFASHION credits both collections to the house, not a named designer. First show SS23, Paris, 23 Jun 2022; last show AW23, Paris, 19 Jan 2023. No appointment announcement; left_announced_date is the day Pharrell Williams was named, from Wikipedia only."
louis_vuitton,Pharrell Williams,menswear,2023-02-14,2023-06-20,SS24,Paris,,,https://en.wikipedia.org/wiki/Pharrell_Williams | https://en.wikipedia.org/wiki/Louis_Vuitton | https://nowfashion.com/louis-vuitton-menswear-spring-summer-2024-paris | https://nowfashion.com/brand/louis-vuitton,false,"Men's creative director. Appointment date from Wikipedia only (both the Pharrell Williams and Louis Vuitton articles give 14 Feb 2023). First show SS24, Paris, 20 Jun 2023 (NOWFASHION listing; Wikipedia says his first show was in June 2023). No departure found: Wikipedia describes him as current and NOWFASHION lists men's SS27 on 23 Jun 2026 (designer not named there)."
margiela,design studio,both,,,,,2014-09-26,2014-10-06,https://nowfashion.com/maison-margiela-ready-to-wear-spring-summer-2015-paris | https://nowfashion.com/maison-margiela-menswear-fall-winter-2015-paris | https://en.wikipedia.org/wiki/John_Galliano | https://en.wikipedia.org/wiki/Glenn_Martens,false,"In-house design team with no named creative director (OTB's chairman calls Glenn Martens only the third creative director in the house's history, per Wikipedia); in post on 1 Jan 2012; start dates not filled. Last womenswear show SS15, Paris, 26 Sep 2014 (NOWFASHION). A menswear AW15 show followed on 23 Jan 2015 (NOWFASHION, designer not named; attribution not confirmed). left_announced_date is the day OTB announced John Galliano, from Wikipedia only."
margiela,John Galliano,both,2014-10-06,2015-01-12,Couture SS15 (Artisanal),London,2024-01-25,,https://en.wikipedia.org/wiki/John_Galliano | https://nowfashion.com/maison-margiela-ready-to-wear-fall-winter-2015-paris | https://nowfashion.com/maison-margiela-couture-spring-summer-2024-paris | https://nowfashion.com/brand/maison-margiela,false,"Creative director. Appointment (OTB announcement, 6 Oct 2014) and first show (Artisanal couture collection during London Collections: Men, 12 Jan 2015) are from Wikipedia only. First ready-to-wear show AW15, Grand Palais, Paris, 6 Mar 2015 (NOWFASHION). Last show taken as the Artisanal 2024 couture show, Paris, 25 Jan 2024 (NOWFASHION), the last Margiela show NOWFASHION lists before Glenn Martens. Exit announced December 2024 (Wikipedia cites The Independent, 12 Dec 2024); exact date not confirmed, left blank."
margiela,Glenn Martens,both,,2025-07-09,Couture AW25 (Artisanal),Paris,,,https://en.wikipedia.org/wiki/Glenn_Martens | https://theimpression.com/fashion-show-calendar/week/2025-07-07/ | https://nowfashion.com/brand/maison-margiela | https://www.maisonmargiela.com/en-us/mm-brand-show-ss27.html | https://malaymail.com/news/life/2025/07/08/demna-to-take-final-bow-at-balenciaga-during-paris-haute-couture-week-as-glenn-martens-debuts-at-maison-margiela/183107,true,"Appointed January 2025 (Wikipedia); exact announcement date not confirmed, left blank. First show Artisanal couture AW25, Paris, Wednesday 9 Jul 2025, 19:30 (The Impression calendar; an AFP preview of 8 Jul 2025 places his first Margiela collection after Demna's Balenciaga farewell that Wednesday). First ready-to-wear show SS26, Paris, 4 Oct 2025 (NOWFASHION). No departure found: the house site lists an SS27 show on 29 Sep 2026."
max_mara,Ian Griffiths (in-house design team),womenswear,,,,,,,"https://fashionunited.uk/v1/design/max-mara-keeps-70s-vibe-rocking-during-mfw/201409187134 | https://ww.fashionnetwork.com/news/Milan-fashion-thursday-prada-max-mara-boss-emporio-marni-and-cavalli,1811150.html | https://en.wikipedia.org/wiki/Max_Mara",false,"Max Mara is designed by an in-house team led by Ian Griffiths, credited as creative director in a September 2014 show report (FashionUnited 2014-09-18) and for AW26 (FashionNetwork 2026-02-27). The date he took the title, and so whether he led the line in January 2012, was not confirmed from a source read (web search budget ran out), hence verified false. Wikipedia lists Laura Lusuardi as design director, without dates. Shows are in Milan (SS27 on 2026-09-24 per Fashion Week Daily) and resort shows elsewhere."
miu_miu,Miuccia Prada,womenswear,,,,,,,https://www.fhcm.paris/en/collection/miu-miu-womenswear-springsummer-2027 | https://www.nssmag.com/en/fashion/47130/miu-miu-s-ss27-is-something-new-something-old-and-something-sporty | https://www.capriholdings.com/news-releases/news-releases-details/2025/Donatella-Versace-Assumes-Role-of-Chief-Brand-Ambassador-of-Versace/default.aspx,true,"Founder-led line; no change of creative lead found 2012 to 2026, so all date fields are blank by design. Still in post: SS27 shown in Paris on 2026-10-04 (FHCM collection page) and reviewed as 'Miuccia Prada's Miu Miu SS27' (nss magazine 2026-10-05). Dario Vitale, who left for Versace in 2025, had been Miu Miu's design and image director, not its creative lead (Capri Holdings release 2025-03-13)."
prada,Miuccia Prada,both,,,,,2020-07-14,2020-02-23,https://www.pradagroup.com/content/dam/pradagroup/documents/2020/febbraio/inglese/Prada%20announces%20co-creative%20directors%20-%20e-Announcement%20of%20co-creative%20director-2_Press%20Release.pdf | https://www.harpersbazaar.com.sg/fashion/watch-prada-mens-spring-summer-2021-collection-live-stream-here | https://fashionunited.uk/news/fashion/prada-teams-up-with-five-creatives-for-ss21-showcase/2020071549865,true,"Founder-led; sole creative lead of the Prada women's and men's lines from before 2012, so announced and first-show dates are left blank. Not a departure: left_announced_date is 2020-02-23, when Prada announced Raf Simons as co-creative director with equal responsibilities, effective 2020-04-02 (Prada press release); she continues as co-creative director (next row). last_show_date is her last solo collection, 'Multiple Views' SS21 (men's and women's), streamed during Milan Digital Fashion Week on 2020-07-14 (Harper's Bazaar SG: 'July 14, 8pm Singapore time'; FashionUnited 2020-07-15)."
prada,Miuccia Prada and Raf Simons,both,2020-02-23,2020-09-24,SS21,Milan,,,"https://www.pradagroup.com/content/dam/pradagroup/documents/2020/febbraio/inglese/Prada%20announces%20co-creative%20directors%20-%20e-Announcement%20of%20co-creative%20director-2_Press%20Release.pdf | https://www.click2houston.com/entertainment/2020/09/24/prada-simons-dialogue-launches-in-virtual-milan-preview/ | https://ww.fashionnetwork.com/news/Milan-fashion-thursday-prada-max-mara-boss-emporio-marni-and-cavalli,1811150.html | https://www.stylerave.com/prada-spring-summer-2027-collection/",true,"Co-creative directors 'with equal responsibilities for creative input and decision-making', effective 2020-04-02 (Prada press release dated 2020-02-23). First joint collection SS21 womenswear, shown as a digital film during Milan Fashion Week on Thursday 2020-09-24 (AP via Click2Houston). Still in post: credited jointly for AW26 (FashionNetwork 2026-02-27) and for SS27, shown in Milan on 2026-09-22 (Stylerave 2026-09-23)."
saint_laurent,Stefano Pilati,both,,,,,2012-03-05,2012-02-28,https://fashionunited.uk/v1/design/yves-saint-laurent-confirms-pilati-to-leave/201202281849 | https://www.washingtontimes.com/news/2012/mar/5/stefano-pilati-says-adieu-to-yves-saint-laurent/ | https://www.hellomagazine.com/fashion/458406/tomford/ | https://fashionunited.uk/news/fashion/gucci-announces-new-designers/2004031237690,true,"Creative director of Yves Saint Laurent from 2004, succeeding Tom Ford; designed women's and men's. Gucci Group announced the appointment in March 2004 but the sources read disagree on the day (Hello! item dated 2004-03-10; FashionUnited 2004-03-12 says 'Thursday', i.e. 2004-03-11), so announced_date is blank. First show (October 2004) predates the window and was not checked. PPR confirmed his exit on 2012-02-28; final show AW12 womenswear, Paris, 2012-03-05 (FashionUnited; AP via Washington Times, Monday 2012-03-05)."
saint_laurent,Hedi Slimane,both,2012-03-07,2012-10-01,SS13,Paris,2016-03-07,2016-04-01,https://www.out.com/fashion/truman-says/2012/03/07/hedi-slimane-confirmed-creative-director-yves-saint-laurent | https://nowfashion.com/saint-laurent-ready-to-wear-spring-summer-2013-paris | https://www.thedailybeast.com/hedi-slimanes-spring-2013-paris-debut-at-saint-laurent/ | https://www.foxnews.com/world/hedi-slimanes-experimentation-at-saint-laurent-menswear-debut.amp | https://www.dazeddigital.com/fashion/article/30268/1/what-happened-at-last-night-s-saint-laurent-show | https://fashionunited.es/noticias/gente/yves-saint-laurent-anuncia-la-marcha-de-su-director-creativo-hedi-slimane/2016040122145,true,"Appointment confirmed 2012-03-07, overseeing men's and women's (Out, citing WWD and CEO Paul Deneve); WWD expected a first collection for resort in June 2012, but no resort show was checked, so the SS13 runway is used. First show SS13 womenswear, Paris, 2012-10-01 (NOWFASHION show page; Daily Beast review published the same day). Menswear debut AW13, reported 2013-01-20 (Fox News). Last show AW16, Paris, 2016-03-07 (Dazed, 2016-03-08: 'last night's show'). Departure announced Friday 2016-04-01 (FashionUnited)."
saint_laurent,Anthony Vaccarello,both,2016-04-04,2016-09-27,SS17,Paris,,,"https://www.ansa.it/english/news/lifestyle/fashion_luxury/2016/04/04/vaccarello-new-ysl-creative-director_9295fa97-2893-44ec-bd0c-f77e1a39f7c3.html | https://hk.fashionnetwork.com/news/Saint-Laurent-confirms-appointment-of-Anthony-Vaccarello-as-Creative-Director,677389.html | https://gulfnews.com/amp/story/lifestyle%2Ffashion%2Fparis-fashion-week-anthony-vaccarello-makes-saint-laurent-debut-1.1903241 | https://fashionunited.uk/news/fashion/saint-laurent-designer-vaccarello-hints-at-change/2026092990621 | https://www.dazeddigital.com/fashion/article/71077/1/saint-laurent-ss27-paris-fashion-week-pfw-anthony-vaccarello-exit-ysl | https://kesq.com/entertainment/cnn-style/2026/10/07/heres-whats-happening-at-paris-fashion-week",true,"Named creative director 'with immediate effect' by Kering on Monday 2016-04-04 (ANSA; FashionNetwork). First show SS17, Paris, Tuesday 2016-09-27 (AP caption via Gulf News). Still in post as of 2026-10-07: press reports and the show notes suggested SS27 (Paris, 2026-09-29) was his last show, but Saint Laurent and Kering had not confirmed a departure (FashionUnited 2026-09-29; Dazed 2026-09-30; CNN via KESQ 2026-10-07), so last_show_date and left_announced_date are blank."
tom_ford,Tom Ford,both,,,,,2022-09-14,2023-04-28,https://www.gettyimages.com.au/detail/news-photo/model-walks-the-runway-at-the-tom-ford-fashion-show-during-news-photo/1423804847 | https://fashionunited.uk/news/fashion/after-selling-his-brand-tom-ford-releases-final-womenswear-collection/2023042769231 | https://www.elcompanies.com/en/news-and-media/newsroom/press-releases/2023/04-28-2023-173011791 | https://www.sec.gov/Archives/edgar/data/1877787/000187778723000030/ex991pressreleasetficlosing.htm,true,"Founder; menswear and the 2010 womenswear relaunch both predate the window. Last runway show SS23, New York Fashion Week, Skylight on Vesey, 2022-09-14 (Getty). His final collection, AW23 'Tom Ford Archive', was released on the brand's website on Wednesday 2023-04-26 with a video and no show (FashionUnited 2023-04-27); lookbook or online releases are not counted as shows in this file. Estée Lauder agreed to buy the brand in November 2022; on completion, 2023-04-28, it announced Ford moving to an adviser role and Peter Hawkings succeeding him as creative director (ELC release). Zegna Group became the fashion licensee the same day (Zegna release)."
tom_ford,Peter Hawkings,both,2023-04-28,2023-09-21,SS24,Milan,2024-02-22,2024-07-22,https://www.elcompanies.com/en/news-and-media/newsroom/press-releases/2023/04-28-2023-173011791 | https://www.malaymail.com/news/life/2023/09/22/peter-hawkings-offers-slinky-designs-in-tom-ford-debut-at-milan-fashion/92388 | https://www.wmagazine.com/fashion/tom-ford-spring-2024-milan-fashion-week-runway-photos | https://www.grazia.my/fashion/mfw-tom-ford-fall-winter-womenswear-collection-2024 | https://www.businesswire.com/news/home/20240722454338/en/TOM-FORD-Announces-the-Departure-of-Creative-Director-Peter-Hawkings | https://www.fashiondive.com/news/peter-hawkings-exits-tom-ford-creative-director/721999/,true,"Named creative director for womenswear, menswear and accessories on 2023-04-28, effective at the closing of the Estée Lauder deal (ELC release); previously SVP of Tom Ford menswear. Debut SS24, Milan, Thursday 2023-09-21 (AFP via Malay Mail; W). Last show AW24, Milan, 2024-02-22 (Getty caption via Grazia MY). Departure announced 2024-07-22 (Tom Ford release on Business Wire)."
tom_ford,design studio,both,2024-07-22,,,,,2024-09-04,https://www.businesswire.com/news/home/20240722454338/en/TOM-FORD-Announces-the-Departure-of-Creative-Director-Peter-Hawkings | https://fashionunited.uk/news/people/tom-ford-names-haider-ackermann-as-creative-director/2024090477409,true,"Interim after Hawkings's exit (announced 2024-07-22) until Haider Ackermann was named on 2024-09-04. The SS25 collection was presented only in the Milan showroom in September 2024, with no runway (Business Wire release), so first_show_date is blank; the sources read do not say who designed it. Ackermann's first collection followed in March 2025."
tom_ford,Haider Ackermann,both,2024-09-04,2025-03-05,AW25,Paris,,,"https://fashionunited.uk/news/people/tom-ford-names-haider-ackermann-as-creative-director/2024090477409 | https://ca.fashionnetwork.com/news/Zegna-relaunches-tom-ford-with-haider-ackermann,1709151.html | https://www.wmagazine.com/fashion/tom-ford-haider-ackermann-fall-2025-collection-photos | https://fashionunited.uk/news/business/zegna-group-talks-strategy-and-future-pathways-after-strong-2025-results/2026032087000 | https://www.wmagazine.com/fashion/paris-fashion-week-spring-2027-best-runway-looks-photos | https://kesq.com/entertainment/cnn-style/2026/10/07/heres-whats-happening-at-paris-fashion-week",true,"Named creative director 2024-09-04 (FashionUnited). Debut AW25, Pavillon Vendôme, Paris, Wednesday night 2025-03-05 (FashionNetwork and W, both 2025-03-06). Still in post: Zegna Group's chairman cited his Paris show in March 2026 (FashionUnited 2026-03-20) and SS27, shown in Paris on 2026-09-30, is credited to him (W, updated 2026-10-06; CNN via KESQ)."
valentino,Maria Grazia Chiuri and Pierpaolo Piccioli,both,2008-10-04,,,,2016-06-22,2016-07-07,"https://fr.fashionnetwork.com/news/Alessandra-facchinetti-quitte-valentino,45567.html | https://www.gettyimages.com/detail/news-photo/model-walks-the-runway-during-the-valentino-show-as-part-of-news-photo/514303854 | https://www.gettyimages.com.au/detail/news-photo/model-walks-the-runway-during-the-valentino-menswear-spring-news-photo/542144534 | https://in.fashionnetwork.com/news/Valentino-pays-homage-to-Shakespeare,711294.html | https://au.fashionunited.com/news/people/valentino-confirms-pierpaolo-piccioli-as-its-sole-creative-director2/201607071365",true,"Named creative directors 'for all Valentino lines' on Saturday 2008-10-04 (FashionNetwork FR); first show predates the window and was not checked. Last ready-to-wear shows as a duo: AW16 womenswear, Paris, 2016-03-08 (Getty) and SS17 menswear, Paris, 2016-06-22 (Getty), the later of which is used because scope is both. Their final joint show was AW16 haute couture, Paris, Wednesday 2016-07-06 (FashionNetwork), excluded as couture. Valentino confirmed Chiuri's exit and Piccioli as sole creative director on 2016-07-07 (FashionUnited)."
valentino,Pierpaolo Piccioli,both,2016-07-07,2016-10-02,SS17,Paris,2024-03-03,2024-03-22,https://au.fashionunited.com/news/people/valentino-confirms-pierpaolo-piccioli-as-its-sole-creative-director2/201607071365 | https://www.gettyimages.com.au/detail/news-photo/model-walks-the-runway-during-the-valentino-designed-by-news-photo/612340416 | https://www.gettyimages.com/detail/news-photo/rosie-huntington-whiteley-attends-the-valentino-womenswear-news-photo/2055478044 | https://www.fhcm.paris/sites/default/files/w/files/official-calendar-pfwr-womenswear-fw24-25_4_0.pdf | https://malaymail.com/news/life/2024/03/22/valentinos-creative-director-pierpaolo-piccioli-leaves-after-25-years/125005 | https://fashionunited.uk/news/fashion/valentino-cancels-upcoming-mens-and-couture-catwalk-shows/2024032674790,true,"Sole creative director from 2016-07-07 (FashionUnited). First solo show SS17, Paris, 2016-10-02 (Getty). Last show AW24 'Le Noir', Paris, Sunday 2024-03-03 at 15:00 (Getty; FHCM official calendar). Departure announced Friday 2024-03-22 (AFP via Malay Mail; FashionUnited); Valentino then cancelled its June 2024 men's and couture shows (FashionUnited 2024-03-26)."
valentino,Alessandro Michele,both,2024-03-28,2024-09-29,SS25,Paris,,,https://wsls.com/business/2024/03/28/ex-gucci-designer-alessandro-michele-named-the-new-creative-head-at-valentino | https://lofficielusa.com/fashion-week/pfw-alessandro-michele-returns-to-valentino-spring-summer-2025-show | https://domusweb.it/en/news/gallery/2024/06/17/alessandro-micheles-first-collection-for-valentino-appears-on-instagram.amp.html | https://www.wantedinrome.com/news/valentino-to-unveil-new-collection-in-rome-not-paris-in-symbolic-return-to-eternal-city.html | https://tg24.sky.it/spettacolo/2026/09/28/paris-fashion-week-calendario,true,"Named creative director, based in Rome, on Thursday 2024-03-28 (AP via WSLS). First runway show SS25, Pavillon des Folies, Paris, Sunday 2024-09-29 (L'Officiel USA). His first collection, Resort 2025 'Avant les Débuts', was released as an Instagram lookbook on 2024-06-17 (Domus); lookbook-only releases are not counted as shows in this file. The house announced that AW26 would be shown in Rome, Palazzo Barberini, on 2026-03-12 (Wanted in Rome, 2026-02-12); SS27 was scheduled in Paris on 2026-10-04 (Sky TG24 calendar). No departure found as of 2026-10-07."
versace,Donatella Versace,both,,,,,2025-02-28,2025-03-13,https://www.clickondetroit.com/entertainment/2025/02/28/versace-struts-confident-collection-as-rumors-swirl-that-the-milan-fashion-mainstay-is-on-the-market/ | https://www.capriholdings.com/news-releases/news-releases-details/2025/Donatella-Versace-Assumes-Role-of-Chief-Brand-Ambassador-of-Versace/default.aspx,true,"Creative head of Versace from 1997 (pre-window; appointment date and first show not checked). Last show AW25, Milan, Friday 2025-02-28 (AP captions via ClickOnDetroit). On 2025-03-13 Capri Holdings announced she would become Chief Brand Ambassador and Dario Vitale Chief Creative Officer, both effective 2025-04-01 (Capri Holdings release)."
versace,Dario Vitale,both,2025-03-13,2025-09-26,SS26,Milan,2025-09-26,2025-12-04,https://www.capriholdings.com/news-releases/news-releases-details/2025/Donatella-Versace-Assumes-Role-of-Chief-Brand-Ambassador-of-Versace/default.aspx | https://www.wsls.com/business/2025/09/26/dario-vitale-debuts-as-versace-creative-director-in-intimate-event-with-vips-and-sex-charged-looks/ | https://dazeddigital.com/fashion/article/69229/1/dario-vitale-has-left-versace-after-9-months-prada-group-acquisition,true,"Chief Creative Officer effective 2025-04-01 (Capri Holdings release 2025-03-13); joined from Miu Miu. His only collection, SS26, was presented at an 'intimate event' at the Pinacoteca Ambrosiana, Milan, on Friday 2025-09-26 (AP via WSLS), so first and last show coincide. Exit announced 2025-12-04, effective 2025-12-12, two days after Prada Group closed its acquisition of Versace (Dazed)."
versace,design studio,both,2025-12-04,,,,,2026-02-05,https://dazeddigital.com/fashion/article/69229/1/dario-vitale-has-left-versace-after-9-months-prada-group-acquisition | https://www.dazeddigital.com/fashion/article/70730/1/versace-aw26-new-campaign-dario-vitale-pieter-mulier-prada-group | https://fashionweekdaily.com/milan-fashion-week-calendar-spring-summer-2027/ | https://fashionunited.com/news/people/pieter-mulier-named-chief-creative-officer-of-versace/2026020570434,true,"Interim between Vitale's exit and Pieter Mulier's start on 2026-07-01; announced_date is the date Vitale's exit was announced (no separate interim announcement found). No show in this period: Versace was absent from the Milan calendar for SS27 'for the second season in a row', i.e. also AW26 (Fashion Week Daily 2026-07-30). The AW26 collection and campaign were not attributed to any designer (Dazed 2026-07-30). Ended when Mulier was named on 2026-02-05 (FashionUnited)."
versace,Pieter Mulier,both,2026-02-05,,,,,,https://fashionunited.com/news/people/pieter-mulier-named-chief-creative-officer-of-versace/2026020570434 | https://www.dazeddigital.com/fashion/article/70730/1/versace-aw26-new-campaign-dario-vitale-pieter-mulier-prada-group | https://fashionweekdaily.com/milan-fashion-week-calendar-spring-summer-2027/,true,"Named Chief Creative Officer on 2026-02-05, effective 2026-07-01 (FashionUnited); first day in the office was 2026-07-01 (Dazed). No collection shown as of 2026-10-07: Versace skipped the SS27 Milan calendar and his runway debut is planned for February 2027, i.e. AW27 in Milan (Dazed and Fashion Week Daily, both 2026-07-30), so first_show_date is blank. Came from Alaïa (see alaia rows)."
zegna,design studio,menswear,,,,,,,https://fashionunited.uk/v1/design/stefano-pilati-lands-two-new-jobs/201209052845,false,"Placeholder for the Ermenegildo Zegna main line before Stefano Pilati, who took charge of the brand's fashion show and Couture collection from 2013-01-01 and first showed in June 2013 (FashionUnited 2012-09-05), so the January 2012, June 2012 and January 2013 shows preceded him. Who led those collections, and their dates, were not confirmed from a source read; this row may need to be replaced by a named designer."
zegna,Stefano Pilati,menswear,,2013-06-22,SS14,Milan,,2016-02-03,https://fashionunited.uk/v1/design/stefano-pilati-lands-two-new-jobs/201209052845 | https://nowfashion.com/ermenegildo-zegna-menswear-spring-summer-2014-milan | https://fashionunited.uk/news/people/stefano-pilati-to-exit-ermenegildo-zegna/2016020319268 | https://fashionista.com/2016/02/stefano-pilati-leaves-ermenegildo-zegna,false,"Head of design at Ermenegildo Zegna (fashion show and Couture collection) and creative director of Agnona, announced by a Zegna Group statement in early September 2012 (FashionUnited report dated 2012-09-05); the exact day was not confirmed, so announced_date is blank. Started 2013-01-01. First show SS14, Milan, 2013-06-22 (NOWFASHION show page; single source). He announced his exit on Wednesday 2016-02-03 (FashionUnited; Fashionista); his final men's collection was shown in Milan in January 2016, exact date not confirmed, so last_show_date is blank."
zegna,design studio,menswear,2016-02-03,,,,,2016-02-05,https://fashionunited.uk/news/people/stefano-pilati-to-exit-ermenegildo-zegna/2016020319268 | https://fashionunited.uk/news/people/ermenegildo-zegna-appoints-alessandro-sartori-to-new-role-of-artistic-director/2016020519305 | https://www.luxuo.com/style/fashion/alessandro-sartori-departs-berluti.html,false,"Gap between Pilati's exit (announced 2016-02-03) and Alessandro Sartori's start in June 2016; Sartori was named 2016-02-05 and his first full collection was AW17, January 2017 (FashionUnited; LUXUO). Whether a SS17 collection was shown in June 2016, and who designed it, was not confirmed."
zegna,Alessandro Sartori,menswear,2016-02-05,,AW17,Milan,,,https://fashionunited.uk/news/people/ermenegildo-zegna-appoints-alessandro-sartori-to-new-role-of-artistic-director/2016020519305 | https://www.luxuo.com/style/fashion/alessandro-sartori-departs-berluti.html | https://en.wikipedia.org/wiki/Alessandro_Sartori | https://fashionunited.uk/news/business/zegna-group-talks-strategy-and-future-pathways-after-strong-2025-results/2026032087000,false,"Named to the newly created role of artistic director for all Zegna brands on 2016-02-05, starting June 2016 (FashionUnited; LUXUO). First show was the Ermenegildo Zegna Couture AW17 collection at HangarBicocca, Milan, in January 2017 (Wikipedia; FashionUnited said his first full collection would be shown in Milan in January 2017); the exact day was not confirmed, so first_show_date is blank. Had been creative director of Z Zegna from 2003, then at Berluti. Still in post: Zegna's March 2026 results coverage credits the collection to artistic director Alessandro Sartori (FashionUnited 2026-03-20)."
