quarter,method,rank,brand,house_id,basis,note,source_url
2026Q2,lyst-v2,1,Chanel,chanel,stated,move on Q1: 0,https://www.lyst.co.uk/the-lyst-index/q2-26/
2026Q2,lyst-v2,2,Miu Miu,miu_miu,stated,move on Q1: +2,https://www.lyst.co.uk/the-lyst-index/q2-26/
2026Q2,lyst-v2,3,Dior,dior,stated,move on Q1: 0,https://www.lyst.co.uk/the-lyst-index/q2-26/
2026Q2,lyst-v2,4,Saint Laurent,saint_laurent,stated,move on Q1: -2,https://www.lyst.co.uk/the-lyst-index/q2-26/
2026Q2,lyst-v2,5,Gucci,gucci,stated,move on Q1: 0,https://www.lyst.co.uk/the-lyst-index/q2-26/
2026Q2,lyst-v2,6,Prada,prada,stated,move on Q1: +1,https://www.lyst.co.uk/the-lyst-index/q2-26/
2026Q2,lyst-v2,7,Ralph Lauren,,stated,move on Q1: -1,https://www.lyst.co.uk/the-lyst-index/q2-26/
2026Q2,lyst-v2,8,Burberry,burberry,stated,move on Q1: +1,https://www.lyst.co.uk/the-lyst-index/q2-26/
2026Q2,lyst-v2,9,Coach,,stated,move on Q1: -1,https://www.lyst.co.uk/the-lyst-index/q2-26/
2026Q2,lyst-v2,10,Massimo Dutti,,stated,move on Q1: +8,https://www.lyst.co.uk/the-lyst-index/q2-26/
2026Q2,lyst-v2,11,Chloé,chloe,stated,move on Q1: +3,https://www.lyst.co.uk/the-lyst-index/q2-26/
2026Q2,lyst-v2,12,The Row,,stated,move on Q1: -1,https://www.lyst.co.uk/the-lyst-index/q2-26/
2026Q2,lyst-v2,13,Versace,versace,stated,move on Q1: -1,https://www.lyst.co.uk/the-lyst-index/q2-26/
2026Q2,lyst-v2,14,Bottega Veneta,bottega_veneta,stated,move on Q1: +1,https://www.lyst.co.uk/the-lyst-index/q2-26/
2026Q2,lyst-v2,15,Celine,celine,stated,move on Q1: +5,https://www.lyst.co.uk/the-lyst-index/q2-26/
2026Q2,lyst-v2,16,Moncler,,stated,move on Q1: -3,https://www.lyst.co.uk/the-lyst-index/q2-26/
2026Q2,lyst-v2,17,Loewe,loewe,stated,move on Q1: -1,https://www.lyst.co.uk/the-lyst-index/q2-26/
2026Q2,lyst-v2,18,Phoebe Philo,,stated,move on Q1: new,https://www.lyst.co.uk/the-lyst-index/q2-26/
2026Q2,lyst-v2,19,Jacquemus,,stated,move on Q1: re-entry,https://www.lyst.co.uk/the-lyst-index/q2-26/
2026Q2,lyst-v2,20,Stone Island,,stated,move on Q1: -3,https://www.lyst.co.uk/the-lyst-index/q2-26/
2026Q1,lyst-v2,1,Chanel,chanel,stated,named in coverage of the Q1 Index,https://www.complex.com/style/a/tracewilliamcowen/chanel-hottest-brand-lyst-index | https://highxtar.com/en/?p=582161 | https://www.textilwirtschaft.de/fashion-management/lyst-index-chanel-erklimmt-die-spitze-159191
2026Q1,lyst-v2,2,Saint Laurent,saint_laurent,stated,named in coverage of the Q1 Index,https://www.complex.com/style/a/tracewilliamcowen/chanel-hottest-brand-lyst-index | https://highxtar.com/en/?p=582161 | https://www.textilwirtschaft.de/fashion-management/lyst-index-chanel-erklimmt-die-spitze-159191
2026Q1,lyst-v2,3,Dior,dior,stated,named in coverage of the Q1 Index,https://www.complex.com/style/a/tracewilliamcowen/chanel-hottest-brand-lyst-index | https://highxtar.com/en/?p=582161 | https://www.textilwirtschaft.de/fashion-management/lyst-index-chanel-erklimmt-die-spitze-159191
2026Q1,lyst-v2,4,Miu Miu,miu_miu,stated,named in coverage of the Q1 Index,https://www.complex.com/style/a/tracewilliamcowen/chanel-hottest-brand-lyst-index | https://highxtar.com/en/?p=582161 | https://www.textilwirtschaft.de/fashion-management/lyst-index-chanel-erklimmt-die-spitze-159191
2026Q1,lyst-v2,5,Gucci,gucci,stated,named in coverage of the Q1 Index,https://www.complex.com/style/a/tracewilliamcowen/chanel-hottest-brand-lyst-index | https://highxtar.com/en/?p=582161 | https://www.textilwirtschaft.de/fashion-management/lyst-index-chanel-erklimmt-die-spitze-159191
2026Q1,lyst-v2,6,Ralph Lauren,,derived,Q2 rank plus Lyst's stated movement,https://www.lyst.co.uk/the-lyst-index/q2-26/
2026Q1,lyst-v2,7,Prada,prada,derived,Q2 rank plus Lyst's stated movement,https://www.lyst.co.uk/the-lyst-index/q2-26/
2026Q1,lyst-v2,8,Coach,,derived,Q2 rank plus Lyst's stated movement,https://www.lyst.co.uk/the-lyst-index/q2-26/
2026Q1,lyst-v2,9,Burberry,burberry,derived,Q2 rank plus Lyst's stated movement,https://www.lyst.co.uk/the-lyst-index/q2-26/
2026Q1,lyst-v2,10,COS,,inferred,the one slot left; COS was in the Q1 top 20 and gave way to Massimo Dutti in Q2,https://www.lyst.co.uk/the-lyst-index/q2-26/
2026Q1,lyst-v2,11,The Row,,derived,Q2 rank plus Lyst's stated movement,https://www.lyst.co.uk/the-lyst-index/q2-26/
2026Q1,lyst-v2,12,Versace,versace,derived,Q2 rank plus Lyst's stated movement,https://www.lyst.co.uk/the-lyst-index/q2-26/
2026Q1,lyst-v2,13,Moncler,,derived,Q2 rank plus Lyst's stated movement,https://www.lyst.co.uk/the-lyst-index/q2-26/
2026Q1,lyst-v2,14,Chloé,chloe,derived,Q2 rank plus Lyst's stated movement,https://www.lyst.co.uk/the-lyst-index/q2-26/
2026Q1,lyst-v2,15,Bottega Veneta,bottega_veneta,derived,Q2 rank plus Lyst's stated movement,https://www.lyst.co.uk/the-lyst-index/q2-26/
2026Q1,lyst-v2,16,Loewe,loewe,derived,Q2 rank plus Lyst's stated movement,https://www.lyst.co.uk/the-lyst-index/q2-26/
2026Q1,lyst-v2,17,Stone Island,,derived,Q2 rank plus Lyst's stated movement,https://www.lyst.co.uk/the-lyst-index/q2-26/
2026Q1,lyst-v2,18,Massimo Dutti,,derived,Q2 rank plus Lyst's stated movement,https://www.lyst.co.uk/the-lyst-index/q2-26/
2026Q1,lyst-v2,19,Fendi,fendi,stated,named in coverage of the Q1 Index,https://www.complex.com/style/a/tracewilliamcowen/chanel-hottest-brand-lyst-index | https://highxtar.com/en/?p=582161 | https://www.textilwirtschaft.de/fashion-management/lyst-index-chanel-erklimmt-die-spitze-159191
2026Q1,lyst-v2,20,Celine,celine,stated,named in coverage of the Q1 Index,https://www.complex.com/style/a/tracewilliamcowen/chanel-hottest-brand-lyst-index | https://highxtar.com/en/?p=582161 | https://www.textilwirtschaft.de/fashion-management/lyst-index-chanel-erklimmt-die-spitze-159191
2025Q4,lyst-v1,9,Gucci,gucci,derived,"Gucci rose four places to 5th in Q1 2026, across the method change",https://www.complex.com/style/a/tracewilliamcowen/chanel-hottest-brand-lyst-index | https://highxtar.com/en/?p=582161 | https://www.textilwirtschaft.de/fashion-management/lyst-index-chanel-erklimmt-die-spitze-159191
2025Q4,lyst-v1,1,Saint Laurent,saint_laurent,stated,leader for two quarters before Q1 2026,https://fashionbiznes.pl/chanel-najgoretsza-marka-swiata-ranking-lyst-odslonil-nowa-hierarchie-luksusu/
