season,city,week_type,rank,brand,house_id,miv_m,currency,source_url,verified,notes
SS24,Milan,womenswear,1,Prada,prada,,,https://envimedia.co/?p=54801,false,"EnVi Media (press outlet outside the four named titles); ranks stated without MIV values. Article cites a 17-27 Sep 2023 tracking window and gives no publication date, so this may be Launchmetrics' initial rather than final ranking. Quote: Prada 'came at the top of the ... brand ranking once again'."
SS24,Milan,womenswear,2,Gucci,gucci,,,https://envimedia.co/?p=54801,false,"EnVi Media (press outlet outside the four named titles); ranks stated without MIV values. Article cites a 17-27 Sep 2023 tracking window and gives no publication date, so this may be Launchmetrics' initial rather than final ranking. Quote: Gucci 'ranking second in the list of MIV-generating brands'."
SS24,Paris,womenswear,1,Christian Dior,dior,59.5,USD,"https://us.fashionnetwork.com/news/Paris-fashion-week-s-media-impact-jumped-30-with-dior-louis-vuitton-miu-miu-leading-the-ranking,1570282.html",false,"FashionNetwork (Dominique Muret, 25 Oct 2023); Launchmetrics top-20 graphic in the article is an image, only the top 3 are in text. EnVi Media (24 Oct 2023) reports Dior at $58.7M instead."
SS24,Paris,womenswear,2,Louis Vuitton,louis_vuitton,38.2,USD,"https://us.fashionnetwork.com/news/Paris-fashion-week-s-media-impact-jumped-30-with-dior-louis-vuitton-miu-miu-leading-the-ranking,1570282.html",false,"FashionNetwork (Dominique Muret, 25 Oct 2023); Launchmetrics top-20 graphic in the article is an image, only the top 3 are in text."
SS24,Paris,womenswear,3,Miu Miu,miu_miu,24.7,USD,"https://us.fashionnetwork.com/news/Paris-fashion-week-s-media-impact-jumped-30-with-dior-louis-vuitton-miu-miu-leading-the-ranking,1570282.html",false,"FashionNetwork (Dominique Muret, 25 Oct 2023); Launchmetrics top-20 graphic in the article is an image, only the top 3 are in text."
AW24,London,womenswear,1,Burberry,burberry,14.9,USD,https://www.envimedia.co/athletes-and-british-brands-take-the-spotlight-at-london-fashion-week-read-the-highlights-of-launchmetrics-final-report/,false,"EnVi Media (press outlet outside the four named titles), 6 Mar 2024, citing Launchmetrics' final LFW report (event total $78.1M over 14 days). Only the top 3 are given. Caveat: for NYFW SS25 EnVi quoted Launchmetrics brand-focus figures (Off-White $10.1M, Luar $7.7M) that differ slightly from the ranking-table values ($10.2M, $7.9M), so EnVi values may not be the exact ranking-table figures."
AW24,London,womenswear,2,Simone Rocha,,4.1,USD,https://www.envimedia.co/athletes-and-british-brands-take-the-spotlight-at-london-fashion-week-read-the-highlights-of-launchmetrics-final-report/,false,"EnVi Media (press outlet outside the four named titles), 6 Mar 2024, citing Launchmetrics' final LFW report (event total $78.1M over 14 days). Only the top 3 are given. Caveat: for NYFW SS25 EnVi quoted Launchmetrics brand-focus figures (Off-White $10.1M, Luar $7.7M) that differ slightly from the ranking-table values ($10.2M, $7.9M), so EnVi values may not be the exact ranking-table figures. Simone Rocha was third in the initial data, second in the final tallies."
AW24,London,womenswear,3,JW Anderson,,3.9,USD,https://www.envimedia.co/athletes-and-british-brands-take-the-spotlight-at-london-fashion-week-read-the-highlights-of-launchmetrics-final-report/,false,"EnVi Media (press outlet outside the four named titles), 6 Mar 2024, citing Launchmetrics' final LFW report (event total $78.1M over 14 days). Only the top 3 are given. Caveat: for NYFW SS25 EnVi quoted Launchmetrics brand-focus figures (Off-White $10.1M, Luar $7.7M) that differ slightly from the ranking-table values ($10.2M, $7.9M), so EnVi values may not be the exact ranking-table figures."
AW24,Milan,womenswear,1,Gucci,gucci,25,USD,https://www.envimedia.co/apac-stars-dominated-final-media-impact-value-figures-at-milan-fashion-week-see-launchmetrics-final-report/,false,"EnVi Media (press outlet outside the four named titles), 12 Mar 2024, citing Launchmetrics' final 'FW24 Milan Fashion Week' report of 11 Mar 2024 (event total $273.4M). Only the top 3 are given. Caveat: for NYFW SS25 EnVi quoted Launchmetrics brand-focus figures (Off-White $10.1M, Luar $7.7M) that differ slightly from the ranking-table values ($10.2M, $7.9M), so EnVi values may not be the exact ranking-table figures. Initial data had Prada first; final tallies put Gucci first."
AW24,Milan,womenswear,2,Prada,prada,24.6,USD,https://www.envimedia.co/apac-stars-dominated-final-media-impact-value-figures-at-milan-fashion-week-see-launchmetrics-final-report/,false,"EnVi Media (press outlet outside the four named titles), 12 Mar 2024, citing Launchmetrics' final 'FW24 Milan Fashion Week' report of 11 Mar 2024 (event total $273.4M). Only the top 3 are given. Caveat: for NYFW SS25 EnVi quoted Launchmetrics brand-focus figures (Off-White $10.1M, Luar $7.7M) that differ slightly from the ranking-table values ($10.2M, $7.9M), so EnVi values may not be the exact ranking-table figures. Quote: 'Gucci was closely followed by Prada'."
AW24,Milan,womenswear,3,Versace,versace,23,USD,https://www.envimedia.co/apac-stars-dominated-final-media-impact-value-figures-at-milan-fashion-week-see-launchmetrics-final-report/,false,"EnVi Media (press outlet outside the four named titles), 12 Mar 2024, citing Launchmetrics' final 'FW24 Milan Fashion Week' report of 11 Mar 2024 (event total $273.4M). Only the top 3 are given. Caveat: for NYFW SS25 EnVi quoted Launchmetrics brand-focus figures (Off-White $10.1M, Luar $7.7M) that differ slightly from the ranking-table values ($10.2M, $7.9M), so EnVi values may not be the exact ranking-table figures. Quote: 'Versace rounded up the brand ranking'."
AW24,New York,womenswear,1,Tommy Hilfiger,,21.3,USD,https://envimedia.co/according-to-launchmetrics-international-celebrities-and-heritage-brands-owned-new-york-fashion-week/,false,"EnVi Media (press outlet outside the four named titles), 29 Feb 2024, citing Launchmetrics' final report of 28 Feb 2024. Only the top 3 are given. EnVi's preliminary article (20 Feb 2024) had the same top 3, then Coach and Thom Browne. Caveat: for NYFW SS25 EnVi quoted Launchmetrics brand-focus figures (Off-White $10.1M, Luar $7.7M) that differ slightly from the ranking-table values ($10.2M, $7.9M), so EnVi values may not be the exact ranking-table figures."
AW24,New York,womenswear,2,Michael Kors,,16.8,USD,https://envimedia.co/according-to-launchmetrics-international-celebrities-and-heritage-brands-owned-new-york-fashion-week/,false,"EnVi Media (press outlet outside the four named titles), 29 Feb 2024, citing Launchmetrics' final report of 28 Feb 2024. Only the top 3 are given. EnVi's preliminary article (20 Feb 2024) had the same top 3, then Coach and Thom Browne. Caveat: for NYFW SS25 EnVi quoted Launchmetrics brand-focus figures (Off-White $10.1M, Luar $7.7M) that differ slightly from the ranking-table values ($10.2M, $7.9M), so EnVi values may not be the exact ranking-table figures."
AW24,New York,womenswear,3,Tory Burch,,8.5,USD,https://envimedia.co/according-to-launchmetrics-international-celebrities-and-heritage-brands-owned-new-york-fashion-week/,false,"EnVi Media (press outlet outside the four named titles), 29 Feb 2024, citing Launchmetrics' final report of 28 Feb 2024. Only the top 3 are given. EnVi's preliminary article (20 Feb 2024) had the same top 3, then Coach and Thom Browne. Caveat: for NYFW SS25 EnVi quoted Launchmetrics brand-focus figures (Off-White $10.1M, Luar $7.7M) that differ slightly from the ranking-table values ($10.2M, $7.9M), so EnVi values may not be the exact ranking-table figures."
AW24,Paris,couture,1,Dior,dior,38.7,USD,https://www.envimedia.co/asia-pacific-celebrities-generated-highest-media-impact-value-at-paris-mens-fashion-week-and-haute-couture-week/,false,"EnVi Media (press outlet outside the four named titles), 12 Jul 2024, citing Launchmetrics' Haute Couture Week FW24 brand ranking. Ranks follow the listed order (values descend). Couture week included because Launchmetrics published a brand ranking for it. Caveat: for NYFW SS25 EnVi quoted Launchmetrics brand-focus figures (Off-White $10.1M, Luar $7.7M) that differ slightly from the ranking-table values ($10.2M, $7.9M), so EnVi values may not be the exact ranking-table figures."
AW24,Paris,couture,2,Chanel,chanel,19.1,USD,https://www.envimedia.co/asia-pacific-celebrities-generated-highest-media-impact-value-at-paris-mens-fashion-week-and-haute-couture-week/,false,"EnVi Media (press outlet outside the four named titles), 12 Jul 2024, citing Launchmetrics' Haute Couture Week FW24 brand ranking. Ranks follow the listed order (values descend). Couture week included because Launchmetrics published a brand ranking for it. Caveat: for NYFW SS25 EnVi quoted Launchmetrics brand-focus figures (Off-White $10.1M, Luar $7.7M) that differ slightly from the ranking-table values ($10.2M, $7.9M), so EnVi values may not be the exact ranking-table figures."
AW24,Paris,couture,3,Schiaparelli,,18.3,USD,https://www.envimedia.co/asia-pacific-celebrities-generated-highest-media-impact-value-at-paris-mens-fashion-week-and-haute-couture-week/,false,"EnVi Media (press outlet outside the four named titles), 12 Jul 2024, citing Launchmetrics' Haute Couture Week FW24 brand ranking. Ranks follow the listed order (values descend). Couture week included because Launchmetrics published a brand ranking for it. Caveat: for NYFW SS25 EnVi quoted Launchmetrics brand-focus figures (Off-White $10.1M, Luar $7.7M) that differ slightly from the ranking-table values ($10.2M, $7.9M), so EnVi values may not be the exact ranking-table figures."
AW24,Paris,couture,4,Balenciaga,balenciaga,16.7,USD,https://www.envimedia.co/asia-pacific-celebrities-generated-highest-media-impact-value-at-paris-mens-fashion-week-and-haute-couture-week/,false,"EnVi Media (press outlet outside the four named titles), 12 Jul 2024, citing Launchmetrics' Haute Couture Week FW24 brand ranking. Ranks follow the listed order (values descend). Couture week included because Launchmetrics published a brand ranking for it. Caveat: for NYFW SS25 EnVi quoted Launchmetrics brand-focus figures (Off-White $10.1M, Luar $7.7M) that differ slightly from the ranking-table values ($10.2M, $7.9M), so EnVi values may not be the exact ranking-table figures."
AW24,Paris,couture,5,Armani Privé,,9.2,USD,https://www.envimedia.co/asia-pacific-celebrities-generated-highest-media-impact-value-at-paris-mens-fashion-week-and-haute-couture-week/,false,"EnVi Media (press outlet outside the four named titles), 12 Jul 2024, citing Launchmetrics' Haute Couture Week FW24 brand ranking. Ranks follow the listed order (values descend). Couture week included because Launchmetrics published a brand ranking for it. Caveat: for NYFW SS25 EnVi quoted Launchmetrics brand-focus figures (Off-White $10.1M, Luar $7.7M) that differ slightly from the ranking-table values ($10.2M, $7.9M), so EnVi values may not be the exact ranking-table figures."
AW24,Paris,womenswear,1,Louis Vuitton,louis_vuitton,36.3,USD,"https://us.fashionnetwork.com/news/Paris-fashion-week-dominates-digital-audience-driven-by-dior-louis-vuitton-and-saint-laurent-shows,1618815.html",false,"FashionNetwork (26 Mar 2024); Launchmetrics top-20 graphic in the article is an image, only the top 3 are in text. EnVi Media reports the same three figures. LV's figure is printed without a currency sign ('36.3 million'); the article's other figures are in dollars."
AW24,Paris,womenswear,2,Christian Dior,dior,32.7,USD,"https://us.fashionnetwork.com/news/Paris-fashion-week-dominates-digital-audience-driven-by-dior-louis-vuitton-and-saint-laurent-shows,1618815.html",false,"FashionNetwork (26 Mar 2024); Launchmetrics top-20 graphic in the article is an image, only the top 3 are in text. EnVi Media reports the same three figures."
AW24,Paris,womenswear,3,Saint Laurent,saint_laurent,28.7,USD,"https://us.fashionnetwork.com/news/Paris-fashion-week-dominates-digital-audience-driven-by-dior-louis-vuitton-and-saint-laurent-shows,1618815.html",false,"FashionNetwork (26 Mar 2024); Launchmetrics top-20 graphic in the article is an image, only the top 3 are in text. EnVi Media reports the same three figures. Saint Laurent's figure covers its two shows that week (women's and men's)."
SS25,London,womenswear,1,Burberry,burberry,15.1,USD,https://refresh-bee-production.s3.amazonaws.com/beefree/images/b21a369cc939d0ff7ba0c2a4ab672ff86798bed9232566a3fad3c52057ab77ca/SS25%20London%20Fashion%20Week%20Insights%20by%20Launchmetrics.pdf,true,"Launchmetrics PDF report, value as printed in its top-20 table. Brand-focus page: Burberry $15.1M; rank from exact match to table value. The report is a Launchmetrics-branded PDF hosted on a Beefree S3 bucket, not on launchmetrics.com; tracking period 10-24 Sep 2024."
SS25,London,womenswear,4,S.S. Daley,,4.3,USD,https://refresh-bee-production.s3.amazonaws.com/beefree/images/b21a369cc939d0ff7ba0c2a4ab672ff86798bed9232566a3fad3c52057ab77ca/SS25%20London%20Fashion%20Week%20Insights%20by%20Launchmetrics.pdf,true,"Launchmetrics PDF report, value as printed in its top-20 table. Brand-focus page: S.S. Daley $4.3M; rank from exact match to table value."
SS25,London,womenswear,6,H&M,,3.6,USD,https://refresh-bee-production.s3.amazonaws.com/beefree/images/b21a369cc939d0ff7ba0c2a4ab672ff86798bed9232566a3fad3c52057ab77ca/SS25%20London%20Fashion%20Week%20Insights%20by%20Launchmetrics.pdf,true,"Launchmetrics PDF report, value as printed in its top-20 table. Brand-focus page: H&M $3.6M (rank 5 is $3.61M, rank 6 $3.6M); the SS26 London PDF says H&M rose 'from sixth to second', confirming 6th here."
SS25,Milan,womenswear,1,Prada,prada,67.3,USD,https://refresh-bee-production.s3.amazonaws.com/beefree/images/b21a369cc939d0ff7ba0c2a4ab672ff86798bed9232566a3fad3c52057ab77ca/SS25%20Milan%20Fashion%20Week%20Insights%20by%20Launchmetrics.pdf,true,"Launchmetrics PDF report, value as printed in its top-20 table. PDF: Prada $67.3M, ranked 'first ... overall'. EnVi Media (10 Oct 2024) reports the same figure. The report is a Launchmetrics-branded PDF hosted on a Beefree S3 bucket, not on launchmetrics.com; tracking period 15-30 Sep 2024."
SS25,Milan,womenswear,2,Gucci,gucci,58.7,USD,https://refresh-bee-production.s3.amazonaws.com/beefree/images/b21a369cc939d0ff7ba0c2a4ab672ff86798bed9232566a3fad3c52057ab77ca/SS25%20Milan%20Fashion%20Week%20Insights%20by%20Launchmetrics.pdf,true,"Launchmetrics PDF report, value as printed in its top-20 table. Brand-focus page: Gucci $58.7M; rank from exact match to table value. EnVi Media (10 Oct 2024) reports the same figure."
SS25,Milan,womenswear,5,Bottega Veneta,bottega_veneta,24.5,USD,https://refresh-bee-production.s3.amazonaws.com/beefree/images/b21a369cc939d0ff7ba0c2a4ab672ff86798bed9232566a3fad3c52057ab77ca/SS25%20Milan%20Fashion%20Week%20Insights%20by%20Launchmetrics.pdf,true,"Launchmetrics PDF report, value as printed in its top-20 table. Brand-focus page: Bottega Veneta $24.5M; rank from exact match to table value."
SS25,New York,womenswear,1,Tommy Hilfiger,,39.9,USD,https://fashionista.com/2024/09/nyfw-spring-2025-brands-celebrities-influencers-miv-launchmetrics,false,"Fashionista (27 Sep 2024), reproducing Launchmetrics' top 20 by total MIV; press outlet outside the four named titles. Value equals the Launchmetrics PDF ranking-table value for rank 1 (brand is a logo there). LM PDF brand-focus page gives Tommy Hilfiger $39.5M; the ranking table shows $39.9M at rank 1. PDF: https://refresh-bee-production.s3.amazonaws.com/beefree/images/b21a369cc939d0ff7ba0c2a4ab672ff86798bed9232566a3fad3c52057ab77ca/SS25%20New%20York%20Fashion%20Week%20Insights%20by%20Launchmetrics.pdf"
SS25,New York,womenswear,2,Michael Kors,,16.8,USD,https://fashionista.com/2024/09/nyfw-spring-2025-brands-celebrities-influencers-miv-launchmetrics,false,"Fashionista (27 Sep 2024), reproducing Launchmetrics' top 20 by total MIV; press outlet outside the four named titles. Value equals the Launchmetrics PDF ranking-table value for rank 2 (brand is a logo there)."
SS25,New York,womenswear,3,Coach,,16,USD,https://fashionista.com/2024/09/nyfw-spring-2025-brands-celebrities-influencers-miv-launchmetrics,false,"Fashionista (27 Sep 2024), reproducing Launchmetrics' top 20 by total MIV; press outlet outside the four named titles. Value equals the Launchmetrics PDF ranking-table value for rank 3 (brand is a logo there)."
SS25,New York,womenswear,4,Off-White,,10.2,USD,https://fashionista.com/2024/09/nyfw-spring-2025-brands-celebrities-influencers-miv-launchmetrics,false,"Fashionista (27 Sep 2024), reproducing Launchmetrics' top 20 by total MIV; press outlet outside the four named titles. Value equals the Launchmetrics PDF ranking-table value for rank 4 (brand is a logo there). LM PDF brand-focus page gives Off-White $10.1M; the ranking table shows $10.2M at rank 4."
SS25,New York,womenswear,5,Tory Burch,,9.8,USD,https://fashionista.com/2024/09/nyfw-spring-2025-brands-celebrities-influencers-miv-launchmetrics,false,"Fashionista (27 Sep 2024), reproducing Launchmetrics' top 20 by total MIV; press outlet outside the four named titles. Value equals the Launchmetrics PDF ranking-table value for rank 5 (brand is a logo there)."
SS25,New York,womenswear,6,Carolina Herrera,,8.8,USD,https://fashionista.com/2024/09/nyfw-spring-2025-brands-celebrities-influencers-miv-launchmetrics,false,"Fashionista (27 Sep 2024), reproducing Launchmetrics' top 20 by total MIV; press outlet outside the four named titles. Value equals the Launchmetrics PDF ranking-table value for rank 6 (brand is a logo there)."
SS25,New York,womenswear,7,Luar,,7.9,USD,https://fashionista.com/2024/09/nyfw-spring-2025-brands-celebrities-influencers-miv-launchmetrics,false,"Fashionista (27 Sep 2024), reproducing Launchmetrics' top 20 by total MIV; press outlet outside the four named titles. Value equals the Launchmetrics PDF ranking-table value for rank 7 (brand is a logo there). LM PDF brand-focus page gives Luar $7.7M; the ranking table shows $7.9M at rank 7."
SS25,New York,womenswear,8,Alice + Olivia,,5.8,USD,https://fashionista.com/2024/09/nyfw-spring-2025-brands-celebrities-influencers-miv-launchmetrics,false,"Fashionista (27 Sep 2024), reproducing Launchmetrics' top 20 by total MIV; press outlet outside the four named titles. Value equals the Launchmetrics PDF ranking-table value for rank 8 (brand is a logo there)."
SS25,New York,womenswear,9,Cos,,5.6,USD,https://fashionista.com/2024/09/nyfw-spring-2025-brands-celebrities-influencers-miv-launchmetrics,false,"Fashionista (27 Sep 2024), reproducing Launchmetrics' top 20 by total MIV; press outlet outside the four named titles. Value equals the Launchmetrics PDF ranking-table value for rank 9 (brand is a logo there)."
SS25,New York,womenswear,10,Willy Chavarria,,5.4,USD,https://refresh-bee-production.s3.amazonaws.com/beefree/images/b21a369cc939d0ff7ba0c2a4ab672ff86798bed9232566a3fad3c52057ab77ca/SS25%20New%20York%20Fashion%20Week%20Insights%20by%20Launchmetrics.pdf,true,"Launchmetrics PDF report, value as printed in its top-20 table. Brand-focus page: Willy Chavarria $5.4M; rank from exact match to table value; Fashionista also lists it 10th."
SS25,New York,womenswear,11,Collina Strada,,4.6,USD,https://fashionista.com/2024/09/nyfw-spring-2025-brands-celebrities-influencers-miv-launchmetrics,false,"Fashionista (27 Sep 2024), reproducing Launchmetrics' top 20 by total MIV; press outlet outside the four named titles. Value equals the Launchmetrics PDF ranking-table value for rank 11 (brand is a logo there)."
SS25,New York,womenswear,12,Prabal Gurung,,3.9,USD,https://fashionista.com/2024/09/nyfw-spring-2025-brands-celebrities-influencers-miv-launchmetrics,false,"Fashionista (27 Sep 2024), reproducing Launchmetrics' top 20 by total MIV; press outlet outside the four named titles. Value equals the Launchmetrics PDF ranking-table value for rank 12 (brand is a logo there)."
SS25,New York,womenswear,13,Khaite,,3.5,USD,https://fashionista.com/2024/09/nyfw-spring-2025-brands-celebrities-influencers-miv-launchmetrics,false,"Fashionista (27 Sep 2024), reproducing Launchmetrics' top 20 by total MIV; press outlet outside the four named titles. Value equals the Launchmetrics PDF ranking-table value for rank 13 (brand is a logo there)."
SS25,New York,womenswear,14,Area,,3.1,USD,https://fashionista.com/2024/09/nyfw-spring-2025-brands-celebrities-influencers-miv-launchmetrics,false,"Fashionista (27 Sep 2024), reproducing Launchmetrics' top 20 by total MIV; press outlet outside the four named titles. Value equals the Launchmetrics PDF ranking-table value for rank 14 (brand is a logo there)."
SS25,New York,womenswear,15,3.1 Phillip Lim,,2.9,USD,https://fashionista.com/2024/09/nyfw-spring-2025-brands-celebrities-influencers-miv-launchmetrics,false,"Fashionista (27 Sep 2024), reproducing Launchmetrics' top 20 by total MIV; press outlet outside the four named titles. Value equals the Launchmetrics PDF ranking-table value for rank 15 (brand is a logo there)."
SS25,New York,womenswear,16,PatBo,,2.6,USD,https://fashionista.com/2024/09/nyfw-spring-2025-brands-celebrities-influencers-miv-launchmetrics,false,"Fashionista (27 Sep 2024), reproducing Launchmetrics' top 20 by total MIV; press outlet outside the four named titles. Value equals the Launchmetrics PDF ranking-table value for rank 16 (brand is a logo there)."
SS25,New York,womenswear,17,Who Decides War,,2.55,USD,https://fashionista.com/2024/09/nyfw-spring-2025-brands-celebrities-influencers-miv-launchmetrics,false,"Fashionista (27 Sep 2024), reproducing Launchmetrics' top 20 by total MIV; press outlet outside the four named titles. Value equals the Launchmetrics PDF ranking-table value for rank 17 (brand is a logo there)."
SS25,New York,womenswear,18,LaQuan Smith,,2.5,USD,https://fashionista.com/2024/09/nyfw-spring-2025-brands-celebrities-influencers-miv-launchmetrics,false,"Fashionista (27 Sep 2024), reproducing Launchmetrics' top 20 by total MIV; press outlet outside the four named titles. Value equals the Launchmetrics PDF ranking-table value for rank 18 (brand is a logo there)."
SS25,New York,womenswear,19,Kim Shui,,2.4,USD,https://fashionista.com/2024/09/nyfw-spring-2025-brands-celebrities-influencers-miv-launchmetrics,false,"Fashionista (27 Sep 2024), reproducing Launchmetrics' top 20 by total MIV; press outlet outside the four named titles. Value equals the Launchmetrics PDF ranking-table value for rank 19 (brand is a logo there)."
SS25,New York,womenswear,20,Toteme,,2.2,USD,https://fashionista.com/2024/09/nyfw-spring-2025-brands-celebrities-influencers-miv-launchmetrics,false,"Fashionista (27 Sep 2024), reproducing Launchmetrics' top 20 by total MIV; press outlet outside the four named titles. Value equals the Launchmetrics PDF ranking-table value for rank 20 (brand is a logo there)."
SS25,Paris,womenswear,1,Dior,dior,82.7,USD,https://refresh-bee-production.s3.amazonaws.com/beefree/images/b21a369cc939d0ff7ba0c2a4ab672ff86798bed9232566a3fad3c52057ab77ca/SS25%20Paris%20Fashion%20Week%20Insights%20by%20Launchmetrics.pdf,true,"Launchmetrics PDF report, value as printed in its top-20 table. Brand-focus page: Dior $82.7M; rank from exact match. FashionNetwork (17 Oct 2024) also names Christian Dior first at $82.7M. The report is a Launchmetrics-branded PDF hosted on a Beefree S3 bucket, not on launchmetrics.com; tracking period 21 Sep-8 Oct 2024."
SS25,Paris,womenswear,2,Louis Vuitton,louis_vuitton,52.5,USD,"https://fr.fashionnetwork.com/news/Paris-l-audience-de-la-fashion-week-feminine-s-envole-et-se-globalise,1672467.html",false,"FashionNetwork (17 Oct 2024), Launchmetrics top-20 ranking. Value equals the Launchmetrics SS25 Paris PDF table value for this rank (brand is a logo there)."
SS25,Paris,womenswear,3,Chanel,chanel,45.8,USD,"https://fr.fashionnetwork.com/news/Paris-l-audience-de-la-fashion-week-feminine-s-envole-et-se-globalise,1672467.html",false,"FashionNetwork (17 Oct 2024), Launchmetrics top-20 ranking. Value equals the Launchmetrics SS25 Paris PDF table value for this rank (brand is a logo there)."
SS25,Paris,womenswear,5,Valentino,valentino,31,USD,https://refresh-bee-production.s3.amazonaws.com/beefree/images/b21a369cc939d0ff7ba0c2a4ab672ff86798bed9232566a3fad3c52057ab77ca/SS25%20Paris%20Fashion%20Week%20Insights%20by%20Launchmetrics.pdf,true,"Launchmetrics PDF report, value as printed in its top-20 table. Brand-focus page: Valentino $31M; rank from exact match to table value."
SS25,Paris,womenswear,10,Rabanne,,13.3,USD,https://refresh-bee-production.s3.amazonaws.com/beefree/images/b21a369cc939d0ff7ba0c2a4ab672ff86798bed9232566a3fad3c52057ab77ca/SS25%20Paris%20Fashion%20Week%20Insights%20by%20Launchmetrics.pdf,true,"Launchmetrics PDF report, value as printed in its top-20 table. Brand-focus page: Rabanne $13.3M; rank from exact match to table value."
SS25,Paris,womenswear,13,VETEMENTS,,10.4,USD,https://refresh-bee-production.s3.amazonaws.com/beefree/images/b21a369cc939d0ff7ba0c2a4ab672ff86798bed9232566a3fad3c52057ab77ca/SS25%20Paris%20Fashion%20Week%20Insights%20by%20Launchmetrics.pdf,true,"Launchmetrics PDF report, value as printed in its top-20 table. Brand-focus page: VETEMENTS $10.4M; rank from exact match to table value."
AW25,London,womenswear,1,Burberry,burberry,16.6,USD,https://refresh-bee-production.s3.amazonaws.com/beefree/images/b21a369cc939d0ff7ba0c2a4ab672ff86798bed9232566a3fad3c52057ab77ca/FW25%20London%20Fashion%20Week%20Insights%20by%20Launchmetrics.pdf,true,"Launchmetrics PDF report, value as printed in its top-20 table. Brand-focus page: Burberry $16.6M; rank from exact match to table value. The report is a Launchmetrics-branded PDF hosted on a Beefree S3 bucket, not on launchmetrics.com; tracking period 18 Feb-3 Mar 2025."
AW25,London,womenswear,4,Richard Quinn,,3.4,USD,https://refresh-bee-production.s3.amazonaws.com/beefree/images/b21a369cc939d0ff7ba0c2a4ab672ff86798bed9232566a3fad3c52057ab77ca/FW25%20London%20Fashion%20Week%20Insights%20by%20Launchmetrics.pdf,true,"Launchmetrics PDF report, value as printed in its top-20 table. PDF: Richard Quinn $3.4M, 'fourth place in the brand rankings'."
AW25,London,womenswear,5,Dilara Findikoglu,,2.4,USD,https://refresh-bee-production.s3.amazonaws.com/beefree/images/b21a369cc939d0ff7ba0c2a4ab672ff86798bed9232566a3fad3c52057ab77ca/FW25%20London%20Fashion%20Week%20Insights%20by%20Launchmetrics.pdf,true,"Launchmetrics PDF report, value as printed in its top-20 table. Brand-focus page: Dilara Findikoglu $2.4M; rank from exact match to table value."
AW25,Milan,womenswear,1,Gucci,gucci,47.3,USD,https://refresh-bee-production.s3.amazonaws.com/beefree/images/b21a369cc939d0ff7ba0c2a4ab672ff86798bed9232566a3fad3c52057ab77ca/FW25%20Milan%20Fashion%20Week%20Insights%20by%20Launchmetrics.pdf,true,"Launchmetrics PDF report, value as printed in its top-20 table. PDF: Gucci $47.3M, 'the most impactful showcase on the Milan Fashion Week schedule'. The report is a Launchmetrics-branded PDF hosted on a Beefree S3 bucket, not on launchmetrics.com; tracking period 23 Feb-10 Mar 2025."
AW25,Milan,womenswear,5,DSQUARED2,,22.4,USD,https://refresh-bee-production.s3.amazonaws.com/beefree/images/b21a369cc939d0ff7ba0c2a4ab672ff86798bed9232566a3fad3c52057ab77ca/FW25%20Milan%20Fashion%20Week%20Insights%20by%20Launchmetrics.pdf,true,"Launchmetrics PDF report, value as printed in its top-20 table. PDF: DSQUARED2 $22.4M, 'rising from 61st place to break into the top five'."
AW25,Milan,womenswear,19,Blumarine,,2.8,USD,https://refresh-bee-production.s3.amazonaws.com/beefree/images/b21a369cc939d0ff7ba0c2a4ab672ff86798bed9232566a3fad3c52057ab77ca/FW25%20Milan%20Fashion%20Week%20Insights%20by%20Launchmetrics.pdf,true,"Launchmetrics PDF report, value as printed in its top-20 table. Brand-focus page: Blumarine $2.8M; rank from exact match to table value."
AW25,New York,womenswear,1,Calvin Klein,,17.1,USD,https://refresh-bee-production.s3.amazonaws.com/beefree/images/b21a369cc939d0ff7ba0c2a4ab672ff86798bed9232566a3fad3c52057ab77ca/FW25%20New%20York%20Fashion%20Week%20Insights%20by%20Launchmetrics.pdf,true,"Launchmetrics PDF report, value as printed in its top-20 table. Brand-focus page: Calvin Klein $17.1M; rank from exact match; Fashionista also lists it 1st. The report is a Launchmetrics-branded PDF hosted on a Beefree S3 bucket, not on launchmetrics.com; tracking period 4-18 Feb 2025."
AW25,New York,womenswear,2,Michael Kors,,10.8,USD,https://fashionista.com/2025/02/nyfw-fall-2025-top-designers-celebrities-influencers-miv-launchmetrics-data,false,"Fashionista (27 Feb 2025), reproducing Launchmetrics' top 20 by total MIV; press outlet outside the four named titles. Value equals the Launchmetrics PDF ranking-table value for rank 2 (brand is a logo there)."
AW25,New York,womenswear,3,Coach,,10.5,USD,https://fashionista.com/2025/02/nyfw-fall-2025-top-designers-celebrities-influencers-miv-launchmetrics-data,false,"Fashionista (27 Feb 2025), reproducing Launchmetrics' top 20 by total MIV; press outlet outside the four named titles. Value equals the Launchmetrics PDF ranking-table value for rank 3 (brand is a logo there)."
AW25,New York,womenswear,4,Tory Burch,,10,USD,https://fashionista.com/2025/02/nyfw-fall-2025-top-designers-celebrities-influencers-miv-launchmetrics-data,false,"Fashionista (27 Feb 2025), reproducing Launchmetrics' top 20 by total MIV; press outlet outside the four named titles. Value equals the Launchmetrics PDF ranking-table value for rank 4 (brand is a logo there)."
AW25,New York,womenswear,5,Thom Browne,,9.3,USD,https://fashionista.com/2025/02/nyfw-fall-2025-top-designers-celebrities-influencers-miv-launchmetrics-data,false,"Fashionista (27 Feb 2025), reproducing Launchmetrics' top 20 by total MIV; press outlet outside the four named titles. Value equals the Launchmetrics PDF ranking-table value for rank 5 (brand is a logo there)."
AW25,New York,womenswear,6,Carolina Herrera,,4.9,USD,https://fashionista.com/2025/02/nyfw-fall-2025-top-designers-celebrities-influencers-miv-launchmetrics-data,false,"Fashionista (27 Feb 2025), reproducing Launchmetrics' top 20 by total MIV; press outlet outside the four named titles. Value equals the Launchmetrics PDF ranking-table value for rank 6 (brand is a logo there)."
AW25,New York,womenswear,7,Christian Siriano,,4.2,USD,https://refresh-bee-production.s3.amazonaws.com/beefree/images/b21a369cc939d0ff7ba0c2a4ab672ff86798bed9232566a3fad3c52057ab77ca/FW25%20New%20York%20Fashion%20Week%20Insights%20by%20Launchmetrics.pdf,true,"Launchmetrics PDF report, value as printed in its top-20 table. PDF: Christian Siriano $4.2M, 'among the top 10 most impactful shows'; rank from exact match; Fashionista lists it 7th."
AW25,New York,womenswear,8,Christopher John Rogers,,3.8,USD,https://fashionista.com/2025/02/nyfw-fall-2025-top-designers-celebrities-influencers-miv-launchmetrics-data,false,"Fashionista (27 Feb 2025), reproducing Launchmetrics' top 20 by total MIV; press outlet outside the four named titles. Value equals the Launchmetrics PDF ranking-table value for rank 8 (brand is a logo there)."
AW25,New York,womenswear,9,Khaite,,3.6,USD,https://fashionista.com/2025/02/nyfw-fall-2025-top-designers-celebrities-influencers-miv-launchmetrics-data,false,"Fashionista (27 Feb 2025), reproducing Launchmetrics' top 20 by total MIV; press outlet outside the four named titles. Value equals the Launchmetrics PDF ranking-table value for rank 9 (brand is a logo there)."
AW25,New York,womenswear,10,Sergio Hudson,,3.4,USD,https://refresh-bee-production.s3.amazonaws.com/beefree/images/b21a369cc939d0ff7ba0c2a4ab672ff86798bed9232566a3fad3c52057ab77ca/FW25%20New%20York%20Fashion%20Week%20Insights%20by%20Launchmetrics.pdf,true,"Launchmetrics PDF report, value as printed in its top-20 table. PDF: Sergio Hudson $3.4M, 'breaking into the top 10'; rank from exact match; Fashionista lists it 10th."
AW25,New York,womenswear,11,Altuzarra,,3.2,USD,https://fashionista.com/2025/02/nyfw-fall-2025-top-designers-celebrities-influencers-miv-launchmetrics-data,false,"Fashionista (27 Feb 2025), reproducing Launchmetrics' top 20 by total MIV; press outlet outside the four named titles. Value equals the Launchmetrics PDF ranking-table value for rank 11 (brand is a logo there)."
AW25,New York,womenswear,12,Collina Strada,,3,USD,https://fashionista.com/2025/02/nyfw-fall-2025-top-designers-celebrities-influencers-miv-launchmetrics-data,false,"Fashionista (27 Feb 2025), reproducing Launchmetrics' top 20 by total MIV; press outlet outside the four named titles. Value equals the Launchmetrics PDF ranking-table value for rank 12 (brand is a logo there)."
AW25,New York,womenswear,13,Luar,,2.6,USD,https://fashionista.com/2025/02/nyfw-fall-2025-top-designers-celebrities-influencers-miv-launchmetrics-data,false,"Fashionista (27 Feb 2025), reproducing Launchmetrics' top 20 by total MIV; press outlet outside the four named titles. Value equals the Launchmetrics PDF ranking-table value for rank 13 (brand is a logo there)."
AW25,New York,womenswear,14,Alice + Olivia,,2.3,USD,https://fashionista.com/2025/02/nyfw-fall-2025-top-designers-celebrities-influencers-miv-launchmetrics-data,false,"Fashionista (27 Feb 2025), reproducing Launchmetrics' top 20 by total MIV; press outlet outside the four named titles. Value equals the Launchmetrics PDF ranking-table value for rank 14 (brand is a logo there)."
AW25,New York,womenswear,15,Brandon Maxwell,,2.26,USD,https://fashionista.com/2025/02/nyfw-fall-2025-top-designers-celebrities-influencers-miv-launchmetrics-data,false,"Fashionista (27 Feb 2025), reproducing Launchmetrics' top 20 by total MIV; press outlet outside the four named titles. Value equals the Launchmetrics PDF ranking-table value for rank 15 (brand is a logo there)."
AW25,New York,womenswear,16,Prabal Gurung,,2.1,USD,https://fashionista.com/2025/02/nyfw-fall-2025-top-designers-celebrities-influencers-miv-launchmetrics-data,false,"Fashionista (27 Feb 2025), reproducing Launchmetrics' top 20 by total MIV; press outlet outside the four named titles. Value equals the Launchmetrics PDF ranking-table value for rank 16 (brand is a logo there)."
AW25,New York,womenswear,17,Campillo,,2,USD,https://fashionista.com/2025/02/nyfw-fall-2025-top-designers-celebrities-influencers-miv-launchmetrics-data,false,"Fashionista (27 Feb 2025), reproducing Launchmetrics' top 20 by total MIV; press outlet outside the four named titles. Value equals the Launchmetrics PDF ranking-table value for rank 17 (brand is a logo there)."
AW25,New York,womenswear,18,Todd Snyder,,1.8,USD,https://fashionista.com/2025/02/nyfw-fall-2025-top-designers-celebrities-influencers-miv-launchmetrics-data,false,"Fashionista (27 Feb 2025), reproducing Launchmetrics' top 20 by total MIV; press outlet outside the four named titles. Value equals the Launchmetrics PDF ranking-table value for rank 18 (brand is a logo there)."
AW25,New York,womenswear,19,Sandy Liang,,1.7,USD,https://fashionista.com/2025/02/nyfw-fall-2025-top-designers-celebrities-influencers-miv-launchmetrics-data,false,"Fashionista (27 Feb 2025), reproducing Launchmetrics' top 20 by total MIV; press outlet outside the four named titles. Value equals the Launchmetrics PDF ranking-table value for rank 19 (brand is a logo there)."
AW25,New York,womenswear,20,Kim Shui,,1.5,USD,https://fashionista.com/2025/02/nyfw-fall-2025-top-designers-celebrities-influencers-miv-launchmetrics-data,false,"Fashionista (27 Feb 2025), reproducing Launchmetrics' top 20 by total MIV; press outlet outside the four named titles. Value equals the Launchmetrics PDF ranking-table value for rank 20 (brand is a logo there)."
AW25,Paris,womenswear,7,Lacoste,,17.3,USD,https://refresh-bee-production.s3.amazonaws.com/beefree/images/b21a369cc939d0ff7ba0c2a4ab672ff86798bed9232566a3fad3c52057ab77ca/FW25%20Paris%20Fashion%20Week%20Insights%20by%20Launchmetrics.pdf,true,"Launchmetrics PDF report, value as printed in its top-20 table. Brand-focus page: Lacoste $17.3M; rank from exact match to table value."
AW25,Paris,womenswear,8,Courrèges,,16.6,USD,https://refresh-bee-production.s3.amazonaws.com/beefree/images/b21a369cc939d0ff7ba0c2a4ab672ff86798bed9232566a3fad3c52057ab77ca/FW25%20Paris%20Fashion%20Week%20Insights%20by%20Launchmetrics.pdf,true,"Launchmetrics PDF report, value as printed in its top-20 table. Brand-focus page: Courrèges $16.6M; rank from exact match to table value."
AW25,Paris,womenswear,12,Tom Ford,tom_ford,12.7,USD,https://refresh-bee-production.s3.amazonaws.com/beefree/images/b21a369cc939d0ff7ba0c2a4ab672ff86798bed9232566a3fad3c52057ab77ca/FW25%20Paris%20Fashion%20Week%20Insights%20by%20Launchmetrics.pdf,true,"Launchmetrics PDF report, value as printed in its top-20 table. Brand-focus page: Tom Ford $12.7M; rank from exact match to table value."
SS26,London,womenswear,2,H&M,,23.7,USD,https://refresh-bee-production.s3.amazonaws.com/beefree/images/b21a369cc939d0ff7ba0c2a4ab672ff86798bed9232566a3fad3c52057ab77ca/SS26%20London%20Fashion%20Week%20Insights%20by%20Launchmetrics.pdf,true,"Launchmetrics PDF report, value as printed in its top-20 table. PDF: H&M $23.7M, 'surging from sixth to second in brand power players'."
SS26,London,womenswear,3,Simone Rocha,,6.8,USD,https://refresh-bee-production.s3.amazonaws.com/beefree/images/b21a369cc939d0ff7ba0c2a4ab672ff86798bed9232566a3fad3c52057ab77ca/SS26%20London%20Fashion%20Week%20Insights%20by%20Launchmetrics.pdf,true,"Launchmetrics PDF report, value as printed in its top-20 table. PDF: Simone Rocha $6.8M, 'breaking into the top five'; rank from exact match to table value."
SS26,London,womenswear,6,Dilara Findikoglu,,4.8,USD,https://refresh-bee-production.s3.amazonaws.com/beefree/images/b21a369cc939d0ff7ba0c2a4ab672ff86798bed9232566a3fad3c52057ab77ca/SS26%20London%20Fashion%20Week%20Insights%20by%20Launchmetrics.pdf,true,"Launchmetrics PDF report, value as printed in its top-20 table. PDF: Dilara Findikoglu $4.8M, among 'the top ten'; rank from exact match to table value."
SS26,Milan,womenswear,1,Prada,prada,94.8,USD,https://refresh-bee-production.s3.amazonaws.com/beefree/images/b21a369cc939d0ff7ba0c2a4ab672ff86798bed9232566a3fad3c52057ab77ca/SS26%20Milan%20Fashion%20Week%20Insights%20by%20Launchmetrics%20.pdf,true,"Launchmetrics PDF report, value as printed in its top-20 table. Brand-focus page: Prada $94.8M; rank from exact match. No Manners Magazine (14 Oct 2025) also names Prada top brand at $94.8M. The report is a Launchmetrics-branded PDF hosted on a Beefree S3 bucket, not on launchmetrics.com; tracking period 21 Sep-6 Oct 2025."
SS26,Milan,womenswear,2,Gucci,gucci,78.3,USD,https://refresh-bee-production.s3.amazonaws.com/beefree/images/b21a369cc939d0ff7ba0c2a4ab672ff86798bed9232566a3fad3c52057ab77ca/SS26%20Milan%20Fashion%20Week%20Insights%20by%20Launchmetrics%20.pdf,true,"Launchmetrics PDF report, value as printed in its top-20 table. Brand-focus page: Gucci $78.3M; rank from exact match. No Manners Magazine (14 Oct 2025) says Gucci 'took second place'."
SS26,Milan,womenswear,3,Fendi,fendi,49.1,USD,https://nomannersmagazine.com/korean-celebrities-and-prada-dominate-media-impact-value-at-milan-fashion-week-ss26/,false,"No Manners Magazine (14 Oct 2025; press outlet outside the four named titles): 'Fendi, Dolce & Gabbana and Bottega Veneta completed the Power Player Top 5'. Rank deduced by elimination: the LM PDF identifies ranks 1, 2 and 4 (Prada, Gucci, Dolce & Gabbana) and Bottega Veneta's $34.8M is rank 5, leaving Fendi at rank 3; the value is the PDF's rank-3 table value."
SS26,Milan,womenswear,4,Dolce & Gabbana,dolce_gabbana,41.3,USD,https://refresh-bee-production.s3.amazonaws.com/beefree/images/b21a369cc939d0ff7ba0c2a4ab672ff86798bed9232566a3fad3c52057ab77ca/SS26%20Milan%20Fashion%20Week%20Insights%20by%20Launchmetrics%20.pdf,true,"Launchmetrics PDF report, value as printed in its top-20 table. Brand-focus page: Dolce & Gabbana $41.3M; rank from exact match to table value."
SS26,Milan,womenswear,5,Bottega Veneta,bottega_veneta,34.8,USD,https://nomannersmagazine.com/korean-celebrities-and-prada-dominate-media-impact-value-at-milan-fashion-week-ss26/,false,"No Manners Magazine (14 Oct 2025; press outlet outside the four named titles): 'Fendi, Dolce & Gabbana and Bottega Veneta completed the Power Player Top 5'. Article gives Bottega Veneta $34.8M, equal to the LM PDF rank-5 table value."
SS26,New York,womenswear,1,Calvin Klein,,57.4,USD,https://refresh-bee-production.s3.amazonaws.com/beefree/images/b21a369cc939d0ff7ba0c2a4ab672ff86798bed9232566a3fad3c52057ab77ca/SS26%20New%20York%20Fashion%20Week%20Insights%20by%20Launchmetrics%20.pdf,true,"Launchmetrics PDF report, value as printed in its top-20 table. Brand-focus page: Calvin Klein $57.4M; rank from exact match to table value. The report is a Launchmetrics-branded PDF hosted on a Beefree S3 bucket, not on launchmetrics.com; tracking period 9-23 Sep 2025."
SS26,New York,womenswear,5,COS,,15.8,USD,https://refresh-bee-production.s3.amazonaws.com/beefree/images/b21a369cc939d0ff7ba0c2a4ab672ff86798bed9232566a3fad3c52057ab77ca/SS26%20New%20York%20Fashion%20Week%20Insights%20by%20Launchmetrics%20.pdf,true,"Launchmetrics PDF report, value as printed in its top-20 table. PDF: COS $15.8M, 'breaking into the top five most powerful brands at NYFW'."
SS26,New York,womenswear,17,Grace Ling,,3.7,USD,https://refresh-bee-production.s3.amazonaws.com/beefree/images/b21a369cc939d0ff7ba0c2a4ab672ff86798bed9232566a3fad3c52057ab77ca/SS26%20New%20York%20Fashion%20Week%20Insights%20by%20Launchmetrics%20.pdf,true,"Launchmetrics PDF report, value as printed in its top-20 table. Brand-focus page: Grace Ling $3.7M; matched to rank 17 ($3.7M). Rank 16 is $3.73M, so a rounding mix-up is possible."
SS26,Paris,womenswear,1,Dior,dior,188.5,USD,https://refresh-bee-production.s3.amazonaws.com/beefree/images/b21a369cc939d0ff7ba0c2a4ab672ff86798bed9232566a3fad3c52057ab77ca/SS26%20Paris%20Fashion%20Week%20Insights%20by%20Launchmetrics.pdf,true,"Launchmetrics PDF report, value as printed in its top-20 table. PDF: Dior $188.5M, 'securing the top spot'. The report is a Launchmetrics-branded PDF hosted on a Beefree S3 bucket, not on launchmetrics.com; tracking period 27 Sep-14 Oct 2025."
SS26,Paris,womenswear,2,Chanel,chanel,94.8,USD,https://refresh-bee-production.s3.amazonaws.com/beefree/images/b21a369cc939d0ff7ba0c2a4ab672ff86798bed9232566a3fad3c52057ab77ca/SS26%20Paris%20Fashion%20Week%20Insights%20by%20Launchmetrics.pdf,true,"Launchmetrics PDF report, value as printed in its top-20 table. Brand-focus page: Chanel $94.8M; rank from exact match (PDF says Dior generated 'almost twice the impact of the next brand')."
SS26,Paris,womenswear,4,Valentino,valentino,71.9,USD,https://refresh-bee-production.s3.amazonaws.com/beefree/images/b21a369cc939d0ff7ba0c2a4ab672ff86798bed9232566a3fad3c52057ab77ca/SS26%20Paris%20Fashion%20Week%20Insights%20by%20Launchmetrics.pdf,true,"Launchmetrics PDF report, value as printed in its top-20 table. Brand-focus page: Valentino $71.9M; rank from exact match to table value."
AW26,London,womenswear,2,Simone Rocha,,6.3,USD,https://refresh-bee-production.s3.amazonaws.com/beefree/images/b21a369cc939d0ff7ba0c2a4ab672ff86798bed9232566a3fad3c52057ab77ca/FW26%20London%20Fashion%20Week%20Insights%20by%20Launchmetrics.pdf,true,"Launchmetrics PDF report, value as printed in its top-20 table. PDF: Simone Rocha $6.3M, 'second spot amongst the most impactful shows'."
AW26,London,womenswear,3,Erdem,,6.1,USD,https://refresh-bee-production.s3.amazonaws.com/beefree/images/b21a369cc939d0ff7ba0c2a4ab672ff86798bed9232566a3fad3c52057ab77ca/FW26%20London%20Fashion%20Week%20Insights%20by%20Launchmetrics.pdf,true,"Launchmetrics PDF report, value as printed in its top-20 table. PDF: Erdem $6.1M, 'the third position in the brand ranking'."
AW26,Milan,womenswear,1,Prada,prada,117.9,USD,https://refresh-bee-production.s3.amazonaws.com/beefree/images/b21a369cc939d0ff7ba0c2a4ab672ff86798bed9232566a3fad3c52057ab77ca/FW26%20Milan%20Fashion%20Week%20Insights%20by%20Launchmetrics.pdf,true,"Launchmetrics PDF report, value as printed in its top-20 table. PDF: Prada 'the first position in our brand ranking with $117.9M'. The report is a Launchmetrics-branded PDF hosted on a Beefree S3 bucket, not on launchmetrics.com; tracking period 22 Feb-9 Mar 2026."
AW26,Milan,womenswear,2,Gucci,gucci,91.1,USD,https://refresh-bee-production.s3.amazonaws.com/beefree/images/b21a369cc939d0ff7ba0c2a4ab672ff86798bed9232566a3fad3c52057ab77ca/FW26%20Milan%20Fashion%20Week%20Insights%20by%20Launchmetrics.pdf,true,"Launchmetrics PDF report, value as printed in its top-20 table. PDF: Gucci 'top 2nd in our brand ranking'. Table and brand-focus figure show $91.1M; the narrative sentence says $91.9M (internal inconsistency in the PDF)."
AW26,Milan,womenswear,6,Tod's,,30.7,USD,https://refresh-bee-production.s3.amazonaws.com/beefree/images/b21a369cc939d0ff7ba0c2a4ab672ff86798bed9232566a3fad3c52057ab77ca/FW26%20Milan%20Fashion%20Week%20Insights%20by%20Launchmetrics.pdf,true,"Launchmetrics PDF report, value as printed in its top-20 table. Brand-focus page: Tod's $30.7M (described as 3rd in the Owned Media ranking); total-MIV rank from exact match to table value."
AW26,New York,womenswear,1,Calvin Klein,,29,USD,https://fashionista.com/2026/03/nyfw-fall-2026-top-designers-celebrities-influencers-miv-launchmetrics-data,false,"Fashionista (10 Mar 2026), reproducing Launchmetrics' top 20 by total MIV; press outlet outside the four named titles. Value equals the Launchmetrics PDF ranking-table value for rank 1 (brand is a logo there). PDF: https://refresh-bee-production.s3.amazonaws.com/beefree/images/b21a369cc939d0ff7ba0c2a4ab672ff86798bed9232566a3fad3c52057ab77ca/FW26%20New%20York%20Fashion%20Week%20Insights%20by%20Launchmetrics.pdf"
AW26,New York,womenswear,2,Coach,,17.7,USD,https://refresh-bee-production.s3.amazonaws.com/beefree/images/b21a369cc939d0ff7ba0c2a4ab672ff86798bed9232566a3fad3c52057ab77ca/FW26%20New%20York%20Fashion%20Week%20Insights%20by%20Launchmetrics.pdf,true,"Launchmetrics PDF report, value as printed in its top-20 table. PDF: Coach $17.7M, 'placing second in the overall brand ranking'; Fashionista also lists it 2nd."
AW26,New York,womenswear,3,Tory Burch,,16.8,USD,https://fashionista.com/2026/03/nyfw-fall-2026-top-designers-celebrities-influencers-miv-launchmetrics-data,false,"Fashionista (10 Mar 2026), reproducing Launchmetrics' top 20 by total MIV; press outlet outside the four named titles. Value equals the Launchmetrics PDF ranking-table value for rank 3 (brand is a logo there)."
AW26,New York,womenswear,4,Michael Kors,,15.8,USD,https://fashionista.com/2026/03/nyfw-fall-2026-top-designers-celebrities-influencers-miv-launchmetrics-data,false,"Fashionista (10 Mar 2026), reproducing Launchmetrics' top 20 by total MIV; press outlet outside the four named titles. Value equals the Launchmetrics PDF ranking-table value for rank 4 (brand is a logo there)."
AW26,New York,womenswear,5,Carolina Herrera,,13.4,USD,https://fashionista.com/2026/03/nyfw-fall-2026-top-designers-celebrities-influencers-miv-launchmetrics-data,false,"Fashionista (10 Mar 2026), reproducing Launchmetrics' top 20 by total MIV; press outlet outside the four named titles. Value equals the Launchmetrics PDF ranking-table value for rank 5 (brand is a logo there)."
AW26,New York,womenswear,6,Khaite,,11.1,USD,https://fashionista.com/2026/03/nyfw-fall-2026-top-designers-celebrities-influencers-miv-launchmetrics-data,false,"Fashionista (10 Mar 2026), reproducing Launchmetrics' top 20 by total MIV; press outlet outside the four named titles. Value equals the Launchmetrics PDF ranking-table value for rank 6 (brand is a logo there)."
AW26,New York,womenswear,7,Proenza Schouler,,6.35,USD,https://fashionista.com/2026/03/nyfw-fall-2026-top-designers-celebrities-influencers-miv-launchmetrics-data,false,"Fashionista (10 Mar 2026), reproducing Launchmetrics' top 20 by total MIV; press outlet outside the four named titles. Value equals the Launchmetrics PDF ranking-table value for rank 7 (brand is a logo there)."
AW26,New York,womenswear,8,Hilá,,6.3,USD,https://fashionista.com/2026/03/nyfw-fall-2026-top-designers-celebrities-influencers-miv-launchmetrics-data,false,"Fashionista (10 Mar 2026), reproducing Launchmetrics' top 20 by total MIV; press outlet outside the four named titles. Value equals the Launchmetrics PDF ranking-table value for rank 8 (brand is a logo there)."
AW26,New York,womenswear,9,Diotima,,5,USD,https://refresh-bee-production.s3.amazonaws.com/beefree/images/b21a369cc939d0ff7ba0c2a4ab672ff86798bed9232566a3fad3c52057ab77ca/FW26%20New%20York%20Fashion%20Week%20Insights%20by%20Launchmetrics.pdf,true,"Launchmetrics PDF report, value as printed in its top-20 table. Brand-focus page: Diotima $5M; rank from exact match; Fashionista lists it 9th."
AW26,New York,womenswear,10,Cult Gaia,,4.7,USD,https://fashionista.com/2026/03/nyfw-fall-2026-top-designers-celebrities-influencers-miv-launchmetrics-data,false,"Fashionista (10 Mar 2026), reproducing Launchmetrics' top 20 by total MIV; press outlet outside the four named titles. Value equals the Launchmetrics PDF ranking-table value for rank 10 (brand is a logo there)."
AW26,New York,womenswear,11,Christian Siriano,,4.5,USD,https://fashionista.com/2026/03/nyfw-fall-2026-top-designers-celebrities-influencers-miv-launchmetrics-data,false,"Fashionista (10 Mar 2026), reproducing Launchmetrics' top 20 by total MIV; press outlet outside the four named titles. Value equals the Launchmetrics PDF ranking-table value for rank 11 (brand is a logo there)."
AW26,New York,womenswear,12,7 For All Mankind,,3.9,USD,https://fashionista.com/2026/03/nyfw-fall-2026-top-designers-celebrities-influencers-miv-launchmetrics-data,false,"Fashionista (10 Mar 2026), reproducing Launchmetrics' top 20 by total MIV; press outlet outside the four named titles. Value equals the Launchmetrics PDF ranking-table value for rank 12 (brand is a logo there)."
AW26,New York,womenswear,13,Collina Strada,,3.62,USD,https://fashionista.com/2026/03/nyfw-fall-2026-top-designers-celebrities-influencers-miv-launchmetrics-data,false,"Fashionista (10 Mar 2026), reproducing Launchmetrics' top 20 by total MIV; press outlet outside the four named titles. Value equals the Launchmetrics PDF ranking-table value for rank 13 (brand is a logo there)."
AW26,New York,womenswear,14,Alice + Olivia,,3.6,USD,https://fashionista.com/2026/03/nyfw-fall-2026-top-designers-celebrities-influencers-miv-launchmetrics-data,false,"Fashionista (10 Mar 2026), reproducing Launchmetrics' top 20 by total MIV; press outlet outside the four named titles. Value equals the Launchmetrics PDF ranking-table value for rank 14 (brand is a logo there)."
AW26,New York,womenswear,15,Altuzarra,,3.4,USD,https://fashionista.com/2026/03/nyfw-fall-2026-top-designers-celebrities-influencers-miv-launchmetrics-data,false,"Fashionista (10 Mar 2026), reproducing Launchmetrics' top 20 by total MIV; press outlet outside the four named titles. Value equals the Launchmetrics PDF ranking-table value for rank 15 (brand is a logo there)."
AW26,New York,womenswear,16,LaQuan Smith,,2.8,USD,https://fashionista.com/2026/03/nyfw-fall-2026-top-designers-celebrities-influencers-miv-launchmetrics-data,false,"Fashionista (10 Mar 2026), reproducing Launchmetrics' top 20 by total MIV; press outlet outside the four named titles. Value equals the Launchmetrics PDF ranking-table value for rank 16 (brand is a logo there)."
AW26,New York,womenswear,17,Sandy Liang,,2.52,USD,https://fashionista.com/2026/03/nyfw-fall-2026-top-designers-celebrities-influencers-miv-launchmetrics-data,false,"Fashionista (10 Mar 2026), reproducing Launchmetrics' top 20 by total MIV; press outlet outside the four named titles. Value equals the Launchmetrics PDF ranking-table value for rank 17 (brand is a logo there)."
AW26,New York,womenswear,18,Christian Cowan,,2.5,USD,https://fashionista.com/2026/03/nyfw-fall-2026-top-designers-celebrities-influencers-miv-launchmetrics-data,false,"Fashionista (10 Mar 2026), reproducing Launchmetrics' top 20 by total MIV; press outlet outside the four named titles. Value equals the Launchmetrics PDF ranking-table value for rank 18 (brand is a logo there)."
AW26,New York,womenswear,19,Sergio Hudson,,2.3,USD,https://fashionista.com/2026/03/nyfw-fall-2026-top-designers-celebrities-influencers-miv-launchmetrics-data,false,"Fashionista (10 Mar 2026), reproducing Launchmetrics' top 20 by total MIV; press outlet outside the four named titles. Value equals the Launchmetrics PDF ranking-table value for rank 19 (brand is a logo there)."
AW26,New York,womenswear,20,Prabal Gurung,,2.1,USD,https://fashionista.com/2026/03/nyfw-fall-2026-top-designers-celebrities-influencers-miv-launchmetrics-data,false,"Fashionista (10 Mar 2026), reproducing Launchmetrics' top 20 by total MIV; press outlet outside the four named titles. Value equals the Launchmetrics PDF ranking-table value for rank 20 (brand is a logo there)."
AW26,Paris,couture,4,Balenciaga,balenciaga,21.3,USD,https://refresh-bee-production.s3.amazonaws.com/beefree/images/b21a369cc939d0ff7ba0c2a4ab672ff86798bed9232566a3fad3c52057ab77ca/FW26%20Haute%20Couture%20Week%20Insights%20by%20Launchmetrics.pdf,true,"Launchmetrics PDF report, value as printed in its top-20 table. PDF: Balenciaga 'ranked 4th in the overall brand ranking for the week with $21.3M'. Couture week included because Launchmetrics published a brand ranking for Haute Couture Week."
AW26,Paris,womenswear,7,Off-White,,35.7,USD,https://refresh-bee-production.s3.amazonaws.com/beefree/images/b21a369cc939d0ff7ba0c2a4ab672ff86798bed9232566a3fad3c52057ab77ca/FW26%20Paris%20Fashion%20Week%20Insights%20by%20Launchmetrics.pdf,true,"Launchmetrics PDF report, value as printed in its top-20 table. PDF: Off-White '7th place in our brand ranking with $35.7M'."
AW26,Paris,womenswear,9,Chloé,chloe,23.3,USD,https://refresh-bee-production.s3.amazonaws.com/beefree/images/b21a369cc939d0ff7ba0c2a4ab672ff86798bed9232566a3fad3c52057ab77ca/FW26%20Paris%20Fashion%20Week%20Insights%20by%20Launchmetrics.pdf,true,"Launchmetrics PDF report, value as printed in its top-20 table. PDF: Chloé 'the 9th position in our brand ranking with $23.3M'."
SS27,New York,womenswear,1,Tommy Hilfiger,,58,USD,https://refresh-bee-production.s3.amazonaws.com/beefree/images/b21a369cc939d0ff7ba0c2a4ab672ff86798bed9232566a3fad3c52057ab77ca/SS27%20New%20York%20Fashion%20Week%20Insights%20by%20Launchmetrics.pdf,true,"Launchmetrics PDF report, value as printed in its top-20 table. PDF: 'Tommy Hilfiger topped NYFW with $58M in MIV'; Fashionista also lists it 1st. The report is a Launchmetrics-branded PDF hosted on a Beefree S3 bucket, not on launchmetrics.com; tracking period 11-16 Sep 2026 as printed."
SS27,New York,womenswear,2,Calvin Klein,,47,USD,https://fashionista.com/2026/09/nyfw-spring-2027-top-designers-celebrities-influencers-miv-launchmetrics-data,false,"Fashionista (30 Sep 2026), reproducing Launchmetrics' top 20 by total MIV; press outlet outside the four named titles. Value equals the Launchmetrics PDF ranking-table value for rank 2 (brand is a logo there)."
SS27,New York,womenswear,3,Carolina Herrera,,20,USD,https://fashionista.com/2026/09/nyfw-spring-2027-top-designers-celebrities-influencers-miv-launchmetrics-data,false,"Fashionista (30 Sep 2026), reproducing Launchmetrics' top 20 by total MIV; press outlet outside the four named titles. Value equals the Launchmetrics PDF ranking-table value for rank 3 (brand is a logo there)."
SS27,New York,womenswear,4,Tory Burch,,19,USD,https://fashionista.com/2026/09/nyfw-spring-2027-top-designers-celebrities-influencers-miv-launchmetrics-data,false,"Fashionista (30 Sep 2026), reproducing Launchmetrics' top 20 by total MIV; press outlet outside the four named titles. Value equals the Launchmetrics PDF ranking-table value for rank 4 (brand is a logo there)."
SS27,New York,womenswear,5,Michael Kors,,16,USD,https://fashionista.com/2026/09/nyfw-spring-2027-top-designers-celebrities-influencers-miv-launchmetrics-data,false,"Fashionista (30 Sep 2026), reproducing Launchmetrics' top 20 by total MIV; press outlet outside the four named titles. Value equals the Launchmetrics PDF ranking-table value for rank 5 (brand is a logo there)."
SS27,New York,womenswear,6,Cos,,14,USD,https://fashionista.com/2026/09/nyfw-spring-2027-top-designers-celebrities-influencers-miv-launchmetrics-data,false,"Fashionista (30 Sep 2026), reproducing Launchmetrics' top 20 by total MIV; press outlet outside the four named titles. Value equals the Launchmetrics PDF ranking-table value for rank 6 (brand is a logo there)."
SS27,New York,womenswear,7,Thom Browne,,10,USD,https://fashionista.com/2026/09/nyfw-spring-2027-top-designers-celebrities-influencers-miv-launchmetrics-data,false,"Fashionista (30 Sep 2026), reproducing Launchmetrics' top 20 by total MIV; press outlet outside the four named titles. Value equals the Launchmetrics PDF ranking-table value for rank 7 (brand is a logo there)."
SS27,New York,womenswear,8,Christian Siriano,,8.3,USD,https://fashionista.com/2026/09/nyfw-spring-2027-top-designers-celebrities-influencers-miv-launchmetrics-data,false,"Fashionista (30 Sep 2026), reproducing Launchmetrics' top 20 by total MIV; press outlet outside the four named titles. Value equals the Launchmetrics PDF ranking-table value for rank 8 (brand is a logo there)."
SS27,New York,womenswear,9,Khaite,,6.9,USD,https://fashionista.com/2026/09/nyfw-spring-2027-top-designers-celebrities-influencers-miv-launchmetrics-data,false,"Fashionista (30 Sep 2026), reproducing Launchmetrics' top 20 by total MIV; press outlet outside the four named titles. Value equals the Launchmetrics PDF ranking-table value for rank 9 (brand is a logo there)."
SS27,New York,womenswear,10,Conner Ives,,5.6,USD,https://fashionista.com/2026/09/nyfw-spring-2027-top-designers-celebrities-influencers-miv-launchmetrics-data,false,"Fashionista (30 Sep 2026), reproducing Launchmetrics' top 20 by total MIV; press outlet outside the four named titles. Value equals the Launchmetrics PDF ranking-table value for rank 10 (brand is a logo there)."
SS27,New York,womenswear,11,Alice + Olivia,,5.4,USD,https://fashionista.com/2026/09/nyfw-spring-2027-top-designers-celebrities-influencers-miv-launchmetrics-data,false,"Fashionista (30 Sep 2026), reproducing Launchmetrics' top 20 by total MIV; press outlet outside the four named titles. Value equals the Launchmetrics PDF ranking-table value for rank 11 (brand is a logo there)."
SS27,New York,womenswear,12,Sabyasachi,,5.3,USD,https://refresh-bee-production.s3.amazonaws.com/beefree/images/b21a369cc939d0ff7ba0c2a4ab672ff86798bed9232566a3fad3c52057ab77ca/SS27%20New%20York%20Fashion%20Week%20Insights%20by%20Launchmetrics.pdf,true,"Launchmetrics PDF report, value as printed in its top-20 table. Brand-focus page: Sabyasachi $5.3M; rank from exact match; Fashionista lists it 12th."
SS27,New York,womenswear,13,Proenza Schouler,,4.98,USD,https://fashionista.com/2026/09/nyfw-spring-2027-top-designers-celebrities-influencers-miv-launchmetrics-data,false,"Fashionista (30 Sep 2026), reproducing Launchmetrics' top 20 by total MIV; press outlet outside the four named titles. Value equals the Launchmetrics PDF ranking-table value for rank 13 (brand is a logo there)."
SS27,New York,womenswear,14,Grace Ling,,4.94,USD,https://fashionista.com/2026/09/nyfw-spring-2027-top-designers-celebrities-influencers-miv-launchmetrics-data,false,"Fashionista (30 Sep 2026), reproducing Launchmetrics' top 20 by total MIV; press outlet outside the four named titles. Value equals the Launchmetrics PDF ranking-table value for rank 14 (brand is a logo there)."
SS27,New York,womenswear,15,Magda Butrym,,4.6,USD,https://fashionista.com/2026/09/nyfw-spring-2027-top-designers-celebrities-influencers-miv-launchmetrics-data,false,"Fashionista (30 Sep 2026), reproducing Launchmetrics' top 20 by total MIV; press outlet outside the four named titles. Value equals the Launchmetrics PDF ranking-table value for rank 15 (brand is a logo there)."
SS27,New York,womenswear,16,Christian Cowan,,4.1,USD,https://fashionista.com/2026/09/nyfw-spring-2027-top-designers-celebrities-influencers-miv-launchmetrics-data,false,"Fashionista (30 Sep 2026), reproducing Launchmetrics' top 20 by total MIV; press outlet outside the four named titles. Value equals the Launchmetrics PDF ranking-table value for rank 16 (brand is a logo there)."
SS27,New York,womenswear,17,Diane von Furstenberg,,4,USD,https://fashionista.com/2026/09/nyfw-spring-2027-top-designers-celebrities-influencers-miv-launchmetrics-data,false,"Fashionista (30 Sep 2026), reproducing Launchmetrics' top 20 by total MIV; press outlet outside the four named titles. Value equals the Launchmetrics PDF ranking-table value for rank 17 (brand is a logo there)."
SS27,New York,womenswear,18,Simkhai,,3.9,USD,https://fashionista.com/2026/09/nyfw-spring-2027-top-designers-celebrities-influencers-miv-launchmetrics-data,false,"Fashionista (30 Sep 2026), reproducing Launchmetrics' top 20 by total MIV; press outlet outside the four named titles. Value equals the Launchmetrics PDF ranking-table value for rank 18 (brand is a logo there)."
SS27,New York,womenswear,19,LaQuan Smith,,3.8,USD,https://fashionista.com/2026/09/nyfw-spring-2027-top-designers-celebrities-influencers-miv-launchmetrics-data,false,"Fashionista (30 Sep 2026), reproducing Launchmetrics' top 20 by total MIV; press outlet outside the four named titles. Value equals the Launchmetrics PDF ranking-table value for rank 19 (brand is a logo there)."
SS27,New York,womenswear,20,Prabal Gurung,,3.7,USD,https://fashionista.com/2026/09/nyfw-spring-2027-top-designers-celebrities-influencers-miv-launchmetrics-data,false,"Fashionista (30 Sep 2026), reproducing Launchmetrics' top 20 by total MIV; press outlet outside the four named titles. Value equals the Launchmetrics PDF ranking-table value for rank 20 (brand is a logo there)."
