house,date,season,city,kind,note,verified,source
dior,2023-09-26,SS24,Paris,show,Maria Grazia Chiuri; 14:30,true,https://www.fhcm.paris/sites/default/files/w/files/mf-ss24-off_5_1.pdf
saint_laurent,2023-09-26,SS24,Paris,show,Anthony Vaccarello; 20:00,true,https://www.fhcm.paris/sites/default/files/w/files/mf-ss24-off_5_1.pdf
dries_van_noten,2023-09-27,SS24,Paris,show,Dries Van Noten; 15:00,true,https://www.fhcm.paris/sites/default/files/w/files/mf-ss24-off_5_1.pdf
chloe,2023-09-28,SS24,Paris,show,Gabriela Hearst's last show for Chloé; 14:00,true,https://www.fhcm.paris/sites/default/files/w/files/mf-ss24-off_5_1.pdf
givenchy,2023-09-28,SS24,Paris,show,Matthew Williams's last show for Givenchy; 15:30,true,https://www.fhcm.paris/sites/default/files/w/files/mf-ss24-off_5_1.pdf
loewe,2023-09-29,SS24,Paris,show,Jonathan Anderson; 11:30,true,https://www.fhcm.paris/sites/default/files/w/files/mf-ss24-off_5_1.pdf
hermes,2023-09-30,SS24,Paris,show,Nadège Vanhée; 14:30,true,https://www.fhcm.paris/sites/default/files/w/files/mf-ss24-off_5_1.pdf
balenciaga,2023-10-01,SS24,Paris,show,Demna; 11:30,true,https://www.fhcm.paris/sites/default/files/w/files/mf-ss24-off_5_1.pdf
valentino,2023-10-01,SS24,Paris,show,Pierpaolo Piccioli; 15:00,true,https://www.fhcm.paris/sites/default/files/w/files/mf-ss24-off_5_1.pdf
louis_vuitton,2023-10-02,SS24,Paris,show,Nicolas Ghesquière; 14:30,true,https://www.fhcm.paris/sites/default/files/w/files/mf-ss24-off_5_1.pdf
margiela,2023-10-02,SS24,Paris,show,"John Galliano; ready-to-wear runway on the womenswear calendar, not an Artisanal show; co-ed status not confirmed; 19:30",true,https://www.fhcm.paris/sites/default/files/w/files/mf-ss24-off_5_1.pdf | https://hypebeast.com/2023/10/maison-margiela-spring-summer-2024-paris-fashion-week-womenswear-runway
chanel,2023-10-03,SS24,Paris,show,Virginie Viard; 10:30,true,https://www.fhcm.paris/sites/default/files/w/files/mf-ss24-off_5_1.pdf
miu_miu,2023-10-03,SS24,Paris,show,Miuccia Prada; 14:00,true,https://www.fhcm.paris/sites/default/files/w/files/mf-ss24-off_5_1.pdf
zegna,2024-01-15,AW24,Milan,show,"Alessandro Sartori; menswear show in Milan men's week, Allianz MiCo; review: 'on Monday afternoon'",false,https://hypebeast.com/2024/1/zegna-fw24-fall-winter-2024-collection-milan-fashion-week-runway
prada,2024-02-22,AW24,Milan,show,Miuccia Prada and Raf Simons; review dated 22 Feb: 'this afternoon',false,https://hypebeast.com/2024/2/prada-fall-winter-2024-collection-womenswear-milan-fashion-week-runway
bottega_veneta,2024-02-24,AW24,Milan,show,Matthieu Blazy; review: 'show on Saturday',false,https://hypebeast.com/2024/2/bottega-veneta-fall-winter-2024-collection-milan-fashion-week-fw24-runway
jil_sander,2024-02-24,AW24,Milan,show,Lucie and Luke Meier; review dated 25 Feb: 'the rainy Milan Saturday',false,https://hypebeast.com/2024/2/jil-sander-fall-winter-2024-collection-fw24-milan-fashion-week-runway
dior,2024-02-27,AW24,Paris,show,Maria Grazia Chiuri; 14:30,true,https://www.fhcm.paris/sites/default/files/w/files/official-calendar-pfwr-womenswear-fw24-25_4_0.pdf
saint_laurent,2024-02-27,AW24,Paris,show,Anthony Vaccarello; 20:00,true,https://www.fhcm.paris/sites/default/files/w/files/official-calendar-pfwr-womenswear-fw24-25_4_0.pdf
dries_van_noten,2024-02-28,AW24,Paris,show,Dries Van Noten's last womenswear show; 15:00,true,https://www.fhcm.paris/sites/default/files/w/files/official-calendar-pfwr-womenswear-fw24-25_4_0.pdf
chloe,2024-02-29,AW24,Paris,debut,Chemena Kamali's first show,true,https://www.fhcm.paris/en/collection/chloe-womenswear-fallwinter-2024-2025
givenchy,2024-02-29,AW24,Paris,show,"house design team, no creative director after Matthew Williams left at the end of 2023; 15:00",true,https://www.fhcm.paris/sites/default/files/w/files/official-calendar-pfwr-womenswear-fw24-25_4_0.pdf | https://hypebeast.com/2024/3/givenchy-fw24-womenswear-collection-paris-fashion-week-runway
loewe,2024-03-01,AW24,Paris,show,Jonathan Anderson; 11:30,true,https://www.fhcm.paris/sites/default/files/w/files/official-calendar-pfwr-womenswear-fw24-25_4_0.pdf
hermes,2024-03-02,AW24,Paris,show,Nadège Vanhée; 14:30,true,https://www.fhcm.paris/sites/default/files/w/files/official-calendar-pfwr-womenswear-fw24-25_4_0.pdf
balenciaga,2024-03-03,AW24,Paris,show,Demna; 11:30,true,https://www.fhcm.paris/sites/default/files/w/files/official-calendar-pfwr-womenswear-fw24-25_4_0.pdf
valentino,2024-03-03,AW24,Paris,show,Pierpaolo Piccioli's last show for Valentino; 15:00,true,https://www.fhcm.paris/sites/default/files/w/files/official-calendar-pfwr-womenswear-fw24-25_4_0.pdf
chanel,2024-03-05,AW24,Paris,show,Virginie Viard's last ready-to-wear show; 10:30,true,https://www.fhcm.paris/sites/default/files/w/files/official-calendar-pfwr-womenswear-fw24-25_4_0.pdf
louis_vuitton,2024-03-05,AW24,Paris,show,Nicolas Ghesquière; 19:00,true,https://www.fhcm.paris/sites/default/files/w/files/official-calendar-pfwr-womenswear-fw24-25_4_0.pdf
miu_miu,2024-03-05,AW24,Paris,show,Miuccia Prada; 14:00,true,https://www.fhcm.paris/sites/default/files/w/files/official-calendar-pfwr-womenswear-fw24-25_4_0.pdf
fendi,2024-09-17,SS25,Milan,show,Kim Jones with Silvia Venturini Fendi; opened Milan Fashion Week (CNMI provisional schedule as reported); review dated 17 Sep,false,https://fashionunited.uk/news/fashion/cnmi-reveals-provisional-mfw-ss25-schedule/2024072576804 | https://hypebeast.com/2024/9/fendi-ss25-spring-summer-2025-milan-fashion-week-runway-collection
prada,2024-09-19,SS25,Milan,show,Miuccia Prada and Raf Simons; review: 'presented in Milan on Thursday',false,https://hypebeast.com/2024/9/prada-ss25-spring-summer-2025-milan-fashion-week-runway-collection
gucci,2024-09-20,SS25,Milan,show,Sabato De Sarno's third womenswear show; Triennale di Milano; review: 'on Friday',false,https://hypebeast.com/2024/9/gucci-ss25-spring-summer-2025-collection-milan-fashion-week-runway
dior,2024-09-24,SS25,Paris,show,Maria Grazia Chiuri; 14:30,true,https://www.fhcm.paris/sites/default/files/w/files/paris-fashion-weekr-official-calendar-ss25_18_0.pdf
saint_laurent,2024-09-24,SS25,Paris,show,Anthony Vaccarello; 20:00,true,https://www.fhcm.paris/sites/default/files/w/files/paris-fashion-weekr-official-calendar-ss25_18_0.pdf
dries_van_noten,2024-09-25,SS25,Paris,show,design studio; first women's show after Dries Van Noten retired; 15:00,true,https://www.fhcm.paris/sites/default/files/w/files/paris-fashion-weekr-official-calendar-ss25_18_0.pdf
chloe,2024-09-26,SS25,Paris,show,Chemena Kamali; 10:00,true,https://www.fhcm.paris/sites/default/files/w/files/paris-fashion-weekr-official-calendar-ss25_18_0.pdf
loewe,2024-09-27,SS25,Paris,show,Jonathan Anderson; 11:30,true,https://www.fhcm.paris/sites/default/files/w/files/paris-fashion-weekr-official-calendar-ss25_18_0.pdf
hermes,2024-09-28,SS25,Paris,show,Nadège Vanhée; 14:30,true,https://www.fhcm.paris/sites/default/files/w/files/paris-fashion-weekr-official-calendar-ss25_18_0.pdf
valentino,2024-09-29,SS25,Paris,debut,Alessandro Michele's first runway show for Valentino; 15:00,true,https://www.fhcm.paris/sites/default/files/w/files/paris-fashion-weekr-official-calendar-ss25_18_0.pdf
balenciaga,2024-09-30,SS25,Paris,show,Demna; 19:00,true,https://www.fhcm.paris/sites/default/files/w/files/paris-fashion-weekr-official-calendar-ss25_18_0.pdf
chanel,2024-10-01,SS25,Paris,show,Chanel creation studio after Virginie Viard's exit; 10:30,true,https://www.fhcm.paris/sites/default/files/w/files/paris-fashion-weekr-official-calendar-ss25_18_0.pdf
louis_vuitton,2024-10-01,SS25,Paris,show,Nicolas Ghesquière; 18:30,true,https://www.fhcm.paris/sites/default/files/w/files/paris-fashion-weekr-official-calendar-ss25_18_0.pdf
miu_miu,2024-10-01,SS25,Paris,show,Miuccia Prada; 14:00,true,https://www.fhcm.paris/sites/default/files/w/files/paris-fashion-weekr-official-calendar-ss25_18_0.pdf
zegna,2025-01-20,AW25,Milan,show,"Alessandro Sartori; menswear show in Milan men's week, Allianz MiCo; review: 'on Monday afternoon'",false,https://hypebeast.com/2025/1/zegna-fw25-fall-winter-2025-collection-milan-fashion-week-runway
gucci,2025-02-25,AW25,Milan,show,"design team, first show after Sabato De Sarno's exit; review published 25 Feb, the opening day of the week per CNMI",false,https://hypebeast.com/2025/2/gucci-fall-winter-2025-runway | https://www.cameramoda.it/en/milano-moda-donna/calendar/
jil_sander,2025-02-26,AW25,Milan,show,"Lucie and Luke Meier's last collection, exit announced hours after the show; review: 'On Wednesday in Milan'",false,https://hypebeast.com/2025/2/jil-sander-fw25-fall-winter-milan-fashion-week-collection-runway-lucie-luke-meier-exit
alaia,2025-03-04,AW25,Paris,show,Pieter Mulier; 19:00,true,https://www.fhcm.paris/sites/default/files/w/files/paris-fashion-week-r-official-calendar-fw25-26_9-1_0.pdf
dior,2025-03-04,AW25,Paris,show,Maria Grazia Chiuri's last ready-to-wear show for Dior; 14:30,true,https://www.fhcm.paris/sites/default/files/w/files/paris-fashion-week-r-official-calendar-fw25-26_9-1_0.pdf
dries_van_noten,2025-03-05,AW25,Paris,debut,Julian Klausner's first show; 14:00,true,https://www.fhcm.paris/sites/default/files/w/files/paris-fashion-week-r-official-calendar-fw25-26_9-1_0.pdf
tom_ford,2025-03-05,AW25,Paris,debut,Haider Ackermann's first show; 19:00; review same evening: 'earlier today',true,https://www.fhcm.paris/sites/default/files/w/files/paris-fashion-week-r-official-calendar-fw25-26_9-1_0.pdf | https://hypebeast.com/2025/3/tom-ford-fall-winter-2025-runway-haider-ackermann-debut
chloe,2025-03-06,AW25,Paris,show,Chemena Kamali; 10:00,true,https://www.fhcm.paris/sites/default/files/w/files/paris-fashion-week-r-official-calendar-fw25-26_9-1_0.pdf
givenchy,2025-03-07,AW25,Paris,debut,Sarah Burton's first show; 11:00,true,https://www.fhcm.paris/sites/default/files/w/files/paris-fashion-week-r-official-calendar-fw25-26_9-1_0.pdf
hermes,2025-03-08,AW25,Paris,show,Nadège Vanhée; 14:30,true,https://www.fhcm.paris/sites/default/files/w/files/paris-fashion-week-r-official-calendar-fw25-26_9-1_0.pdf
balenciaga,2025-03-09,AW25,Paris,show,Demna's last ready-to-wear show for Balenciaga; 19:00,true,https://www.fhcm.paris/sites/default/files/w/files/paris-fashion-week-r-official-calendar-fw25-26_9-1_0.pdf
valentino,2025-03-09,AW25,Paris,show,Alessandro Michele; 15:00,true,https://www.fhcm.paris/sites/default/files/w/files/paris-fashion-week-r-official-calendar-fw25-26_9-1_0.pdf
loewe,2025-03-10,AW25,Paris,presentation,"Jonathan Anderson's last Loewe women's collection; co-ed presentation instead of a runway, Karl Lagerfeld's former home, rue de l'Université; 09:00 to 18:00",true,https://www.fhcm.paris/sites/default/files/w/files/paris-fashion-week-r-official-calendar-fw25-26_9-1_0.pdf | https://hypebeast.com/2025/3/loewe-fall-winter-2025-presentation
louis_vuitton,2025-03-10,AW25,Paris,show,Nicolas Ghesquière; 20:00,true,https://www.fhcm.paris/sites/default/files/w/files/paris-fashion-week-r-official-calendar-fw25-26_9-1_0.pdf
chanel,2025-03-11,AW25,Paris,show,"Chanel creation studio; Matthieu Blazy named December 2024, first show October 2025; 10:30",true,https://www.fhcm.paris/sites/default/files/w/files/paris-fashion-week-r-official-calendar-fw25-26_9-1_0.pdf
miu_miu,2025-03-11,AW25,Paris,show,Miuccia Prada; 14:00,true,https://www.fhcm.paris/sites/default/files/w/files/paris-fashion-week-r-official-calendar-fw25-26_9-1_0.pdf
saint_laurent,2025-03-11,AW25,Paris,show,"Anthony Vaccarello; 20:00, last slot of the week",true,https://www.fhcm.paris/sites/default/files/w/files/paris-fashion-week-r-official-calendar-fw25-26_9-1_0.pdf
celine,2025-07-06,SS26,Paris,debut,Michael Rider's first show,true,registry/houses.yml (verified 5 October 2026)
margiela,2025-07-09,AW25 couture,Paris,debut,Glenn Martens's first show (Artisanal),true,registry/houses.yml (verified 5 October 2026)
gucci,2025-09-23,SS26,Milan,debut,"Demna's first collection, presented",true,registry/houses.yml (verified 5 October 2026)
jil_sander,2025-09-24,SS26,Milan,debut,Simone Bellotti's first show,true,registry/houses.yml (verified 5 October 2026)
bottega_veneta,2025-09-28,SS26,Milan,debut,Louise Trotter's first show,true,registry/houses.yml (verified 5 October 2026)
saint_laurent,2025-09-29,SS26,Paris,show,opened the week; review dated 29 Sep 2025: 'entering Saint Laurent's Spring 2026 show space tonight' (the earlier calendar page now lists the next year),true,https://www.savoirflair.com/article/fashion-week/saint-laurent-spring-2026/6d01bd58-10c7-4620-8cc4-48ce331d454c
louis_vuitton,2025-09-30,SS26,Paris,show,"Tuesday, midday",true,https://www.thefashionspot.com/runway-news/906430-heres-your-guide-to-the-paris-fashion-week-spring-2026-schedule
dior,2025-10-01,SS26,Paris,debut,Jonathan Anderson's first womenswear show,true,registry/houses.yml (verified 5 October 2026)
loewe,2025-10-03,SS26,Paris,debut,Jack McCollough and Lazaro Hernandez's first show,true,registry/houses.yml (verified 5 October 2026)
balenciaga,2025-10-04,SS26,Paris,debut,Pierpaolo Piccioli's first show,true,registry/houses.yml (verified 5 October 2026)
celine,2025-10-05,SS26,Paris,show,Sunday,true,https://www.thefashionspot.com/runway-news/906430-heres-your-guide-to-the-paris-fashion-week-spring-2026-schedule
chloe,2025-10-05,SS26,Paris,show,Sunday,true,https://www.thefashionspot.com/runway-news/906430-heres-your-guide-to-the-paris-fashion-week-spring-2026-schedule
valentino,2025-10-05,SS26,Paris,show,Sunday,true,https://www.thefashionspot.com/runway-news/906430-heres-your-guide-to-the-paris-fashion-week-spring-2026-schedule
chanel,2025-10-06,SS26,Paris,debut,Matthieu Blazy's first show,true,registry/houses.yml (verified 5 October 2026)
miu_miu,2025-10-07,SS26,Paris,show,Tuesday,true,https://www.thefashionspot.com/runway-news/906430-heres-your-guide-to-the-paris-fashion-week-spring-2026-schedule
fendi,2026-02-25,AW26,Milan,debut,Maria Grazia Chiuri's first show,true,registry/houses.yml (verified 5 October 2026)
jil_sander,2026-02-25,AW26,Milan,show,10:30,true,https://www.nssmag.com/en/pills/44369/milano-fashion-week-calendar-events-fw26-womenswear | https://fashionweekdaily.com/milan-fashion-week-fall-2026-preview/
prada,2026-02-26,AW26,Milan,show,14:00,true,https://www.nssmag.com/en/pills/44369/milano-fashion-week-calendar-events-fw26-womenswear
gucci,2026-02-27,AW26,Milan,show,Demna's first runway show for Gucci,true,https://www.nssmag.com/en/pills/44369/milano-fashion-week-calendar-events-fw26-womenswear | https://fashionweekdaily.com/milan-fashion-week-fall-2026-preview/
bottega_veneta,2026-02-28,AW26,Milan,show,20:00,true,https://www.nssmag.com/en/pills/44369/milano-fashion-week-calendar-events-fw26-womenswear
dior,2026-03-03,AW26,Paris,show,first major show of the week,true,https://www.thefashionspot.com/?p=934028 | https://www.wmagazine.com/fashion/paris-fashion-week-fall-2026-best-runway-looks
saint_laurent,2026-03-03,AW26,Paris,show,Tuesday evening,true,https://www.sortiraparis.com/en/luxe | https://www.thefashionspot.com/?p=934028
alaia,2026-03-04,AW26,Paris,show,Pieter Mulier's final Alaia collection,true,https://www.wmagazine.com/fashion/paris-fashion-week-fall-2026-best-runway-looks
chanel,2026-03-09,AW26,Paris,show,"Monday, 19:00",true,https://www.sortiraparis.com/en/what-to-do-in-paris/shopping-fashion/articles/267506-paris-fashion-week-relive-the-chanel-fall-winter-2026-2027-runway-show-through-photos-and-video
louis_vuitton,2026-03-10,AW26,Paris,show,closing day,true,https://www.thefashionspot.com/?p=934028 | https://www.wmagazine.com/fashion/paris-fashion-week-fall-2026-best-runway-looks
miu_miu,2026-03-10,AW26,Paris,show,closing day,true,https://www.thefashionspot.com/?p=934028 | https://www.wmagazine.com/fashion/paris-fashion-week-fall-2026-best-runway-looks
dior,2026-09-29,SS27,Paris,show,14:30,true,https://www.sortiraparis.com/en/what-to-do-in-paris/shopping-fashion/articles/271134-fashion-week-paris-2026-les-defiles-femme-printemps-ete-2027-a-regarder-en-direct-des-aujourd-hui | https://www.milanofinanza.it/fashion/alla-paris-fashion-week-apre-matieres-fecales-e-chiude-louis-vuitton-miu-miu-anticipa-a-domenica-202607241251193578
margiela,2026-09-29,SS27,Paris,show,"17:30, back in Paris after Shanghai",true,https://www.milanofinanza.it/fashion/alla-paris-fashion-week-apre-matieres-fecales-e-chiude-louis-vuitton-miu-miu-anticipa-a-domenica-202607241251193578
saint_laurent,2026-09-29,SS27,Paris,show,21:00; reported as Vaccarello's last,true,https://www.sortiraparis.com/en/what-to-do-in-paris/shopping-fashion/articles/271134-fashion-week-paris-2026-les-defiles-femme-printemps-ete-2027-a-regarder-en-direct-des-aujourd-hui | https://www.milanofinanza.it/fashion/alla-paris-fashion-week-apre-matieres-fecales-e-chiude-louis-vuitton-miu-miu-anticipa-a-domenica-202607241251193578
chloe,2026-10-01,SS27,Paris,show,10:00,true,https://www.sortiraparis.com/en/what-to-do-in-paris/shopping-fashion/articles/271134-fashion-week-paris-2026-les-defiles-femme-printemps-ete-2027-a-regarder-en-direct-des-aujourd-hui
hermes,2026-10-03,SS27,Paris,show,15:00,true,https://www.sortiraparis.com/en/what-to-do-in-paris/shopping-fashion/articles/271134-fashion-week-paris-2026-les-defiles-femme-printemps-ete-2027-a-regarder-en-direct-des-aujourd-hui
miu_miu,2026-10-04,SS27,Paris,show,moved to Sunday,true,https://www.sortiraparis.com/en/what-to-do-in-paris/shopping-fashion/articles/271134-fashion-week-paris-2026-les-defiles-femme-printemps-ete-2027-a-regarder-en-direct-des-aujourd-hui | https://www.milanofinanza.it/fashion/alla-paris-fashion-week-apre-matieres-fecales-e-chiude-louis-vuitton-miu-miu-anticipa-a-domenica-202607241251193578
valentino,2026-10-04,SS27,Paris,show,"15:30, back in Paris after Rome",true,https://www.sortiraparis.com/en/what-to-do-in-paris/shopping-fashion/articles/271134-fashion-week-paris-2026-les-defiles-femme-printemps-ete-2027-a-regarder-en-direct-des-aujourd-hui | https://www.milanofinanza.it/fashion/alla-paris-fashion-week-apre-matieres-fecales-e-chiude-louis-vuitton-miu-miu-anticipa-a-domenica-202607241251193578
chanel,2026-10-05,SS27,Paris,show,Monday evening slot,true,https://www.milanofinanza.it/fashion/alla-paris-fashion-week-apre-matieres-fecales-e-chiude-louis-vuitton-miu-miu-anticipa-a-domenica-202607241251193578
louis_vuitton,2026-10-06,SS27,Paris,show,closed the week,true,https://www.sortiraparis.com/en/what-to-do-in-paris/shopping-fashion/articles/271134-fashion-week-paris-2026-les-defiles-femme-printemps-ete-2027-a-regarder-en-direct-des-aujourd-hui | https://www.milanofinanza.it/fashion/alla-paris-fashion-week-apre-matieres-fecales-e-chiude-louis-vuitton-miu-miu-anticipa-a-domenica-202607241251193578
