house,show_date,season,source_type,source_url,published,excerpt,themes,notes
celine,2025-07-06,SS26,press quote,https://www.anothermag.com/fashion-beauty/16474/michael-rider-celine-ss26-show-review,2025-07-07,"Celine stands for quality, for timelessness and for style, ideals that are difficult to catch, and even harder to hold on to, to define","quality; timelessness; style; clothes that live on with the wearer; memories, usefulness and fantasy","Rider's words from a manifesto sent to press, quoted in AnOther's review (Alexander Fury). Vogue Runway could not be fetched."
margiela,2025-07-09,AW25 couture,brand site,https://www.maisonmargiela.com/en-us/mm-brand-show-artisanal-25.html,,Maison Margiela's Artisanal 2025 collection is founded in the architectural structures and silhouettes of Flanders and the Netherlands.,Flemish and Dutch architecture; gothic church saints; repurposed humble materials; Northern Renaissance interiors; corsetry and optical illusion,"House text, not signed by Glenn Martens; no quote from him on the page. The page prints 'July 4, 2024', which predates the July 2025 show, so published is left blank."
gucci,2025-09-23,SS26,press quote,https://robbreport.com.sg/gucci-demna-la-famiglia/,2025-09-23,a study of the 'Gucciness' of Gucci,Gucciness; the brand as a mindset; shared aesthetic language; a foundation,"Gucci's release for La Famiglia (lookbook and film, not a runway show) as quoted by Robb Report Singapore, which also quotes Gucci: 'an expression of the brand as a mindset and a shared aesthetic language'. Hypebae separately attributes the 'Gucciness' phrase to the press release. AnOther (24 Sep 2025) quotes Demna calling it 'a foundation'. gucci.com could not be fetched; release not seen first-hand."
jil_sander,2025-09-24,SS26,brand site,https://www.jilsander.com/en-us/spring-summer-2026-collection/spring-summer-2026-collection.html,,A curiosity for the body is what I am after,curiosity for the body; posture and gesture; hide and reveal; rationality and feeling; purism with emotion; strictness and lightness,"Bellotti quoted on the house's SS26 collection page, which mixes runway and campaign copy; no show-day notes found. The passage continues '- says Simone Bellotti - Posture and gesture as ways of communicating...'. AnOther's review has no quotes."
bottega_veneta,2025-09-28,SS26,press quote,https://www.anothermag.com/fashion-beauty/16652/louise-trotter-weaves-herself-into-the-heritage-of-bottega-veneta,2025-09-29,Two different strips woven together that become stronger – the two things make a stronger whole.,intrecciato weave as metaphor; two strands making a stronger whole; the bottega as workshop; craft heritage,"Trotter's spoken words quoted in AnOther (Alexander Fury); she also says 'I like that the 'Bottega' is a workshop'. bottegaveneta.com and Vogue Runway could not be fetched, so no house notes."
louis_vuitton,2025-09-30,SS26,brand site,https://uk.louisvuitton.com/eng-gb/magazine/articles/women-spring-summer-2026-show,,"Embracing the home as a sanctuary of life, Nicolas Ghesquière unveils a collection defined by freedom and inventiveness",home as sanctuary; indoor wardrobe; 1940s Hollywood glamour; comfort and femininity; fluid drapery; freedom and inventiveness,"House text, no direct Ghesquière quote. Page gives the show as 30 September, 12:00pm CEST, at the Louvre; no publication date shown."
dior,2025-10-01,SS26,brand site,https://www.dior.com/en_us/fashion/womens-fashion/ready-to-wear-shows/spring-summer-2026-ready-to-wear-show,,Designing for a house like Dior requires an empathy with its history while forging a path forward,empathy with the house's history; decoding Dior's language; archive as memory; forging a new path,Quote attributed to Jonathan Anderson on dior.com; the page also opens with an unattributed line on decoding the house's language. No date on page.
loewe,2025-10-03,SS26,brand site,https://www.loewe.com/usa/en/pd/stories-collection/ss26-women-runway.html,,"a collection seen through the lens of clarity, colour and sensual physicality",clarity; colour; sensual physicality; craft experiment; Ellsworth Kelly,Short house description only; no quote from McCollough or Hernandez on the page. Craft and Ellsworth Kelly themes come from the same page's captions. No date shown.
balenciaga,2025-10-04,SS26,press quote,https://www.anothermag.com/fashion-beauty/16680/balenciaga-pierpaolo-piccioli-summer-2026-debut-review-interview,2025-10-05,"I didn't want to imitate, but to transform his creation into something different.","Cristobal Balenciaga's archive; transformation not homage; body, space, surface; volume and silhouette; honesty to the house's past",Piccioli interview quotes in AnOther (Alexander Fury). The house's own show notes were not located.
celine,2025-10-05,SS26,press quote,https://www.anothermag.com/fashion-beauty/16688/michael-riders-instinctual-unsentimental-reaction-to-now-at-celine,2025-10-06,The women and men kept walking and the seasons changed,continuation of the July debut; seasons changing; what Celine is and is not,"Rider's pre-show statement quoted in AnOther (Alexander Fury); it continues 'As if the July show never really ended.' Rider's second Celine show, at the Parc de Saint-Cloud."
chloe,2025-10-05,SS26,brand site,https://www.chloe.com/en-us/fashionshow/behind-the-scene-summer-26.html,,I wanted to explore what the idea of couture could mean in the Chloé context.,couture in the Chloé context; draping and pleating; humble cotton poplin; 1950s and 1960s archive florals; freedom and ease; UNESCO setting,"Kamali's own letter on chloe.com for the 'Entre Deux' collection; page says it was revealed on Sunday, October 5th, 2025."
valentino,2025-10-05,SS26,brand site,https://www.valentino.com/en-us/v-universe/fashion-shows/pret-a-porter/valentino-fireflies-spring-summer-2026/watch-the-show,,"THESE ARE FLEETING SPARKS IN THE DARK, CONSTELLATIONS OF FIREFLIES THAT UNVEIL GATEWAYS OF POSSIBILITIES AND NOURISH IMAGINATION WITH POLITICAL FORCE.",Pasolini's fireflies; light resisting darkness; desire and poetry; hope; imagination as political force,'Fireflies' show text signed 'ALESSANDRO' (Michele); the page prints it in capitals. It opens with Pasolini's 1941 letter about fireflies.
chanel,2025-10-06,SS26,fashion week site,https://www.fhcm.paris/en/news/chanel-spring-summer-2026-collection,2025-10-06,Chanel is about love. The birth of Modernity in fashion comes from a love story.,love story of Gabrielle Chanel and Boy Capel; menswear made feminine; freedom; deconstructed Chanel classics; universality,Chanel's collection notes as published by FHCM (Paris fashion week federation); quote attributed to Matthieu Blazy.
miu_miu,2025-10-07,SS26,brand site,https://www.miumiu.com/us/en/miumiu-club/fashion-shows/ss26-fashion-show.html,,The Spring/Summer 2026 Miu Miu collection by Miuccia Prada is a consideration of the work of women,women's work; the apron; visibility of labour; care and agency; toughness and sweetness,House show text in the third person; no direct Miuccia Prada quote; no date on page.
fendi,2026-02-25,AW26,press quote,https://theimpression.com/fendi-fall-2026-fashion-show-review/,,"the values of working together, of shared intentions and desires","Less I, More Us; collaboration and community; shared intentions; dissolving men's and women's wardrobes; emotionally durable design","From Fendi's show notes as quoted in The Impression's review (Angela Baidoo): 'A declaration of intent that is more necessary than ever today...', in context the 'Less I, More Us' motto, Chiuri's title for the collection per AnOther. No Chiuri quote about this collection found (AnOther's Chiuri quotes are from a 2024 interview). fendi.com show page not found. The Impression's page metadata dates the review before the show, so published is left blank."
jil_sander,2026-02-25,AW26,press quote,https://www.anothermag.com/another-man/17132/kim-gordon-simone-bellotti-in-conversation-another-man-summer-autumn-2026,2026-04-28,the idea of this show was this idea of home. It was an homage. It was made by hand. Hours and hours.,home; homage to his upholsterer father; handwork; moreness with meaning; heightened restraint,"Bellotti speaking to Kim Gordon in AnOther Man two months after the February show, not a show-day statement. The Impression's review quotes him calling the collection 'Moreness with meaning!' and the notes' 'heightened restraint'. jilsander.com FW26 page returned 410."
prada,2026-02-26,AW26,press release,https://www.pradagroup.com/en/news-media/press-releases-documents/2026/26-02-24-prada-fw-2026-womenswear-show.html,2026-02-26,"An embrace of inherent pluralities, a reflection of the multifaceted realities of women and the complexities of life.",layering; plurality of women; transformation through the day; personal and collective histories; self-determination and agency,"Prada Group release for the collection by Miuccia Prada and Raf Simons; no direct designer quotes. URL path says 26-02-24 but the page is dated February 26, 2026."
gucci,2026-02-27,AW26,press quote,https://theimpression.com/gucci-fall-2026-fashion-show-review/,,I feel like one of my responsibilities at Gucci is bringing a cultural relevance to it.,cultural relevance; underground culture; building a Gucci community; sexiness as liberation; emotion,"Demna backstage, quoted in The Impression's review (Angela Baidoo). AnOther (2 Mar 2026) quotes his written statement 'Gucci is culture'. gucci.com could not be fetched. The Impression's page metadata dates the review before the show, so published is left blank."
bottega_veneta,2026-02-28,AW26,press quote,https://www.anothermag.com/fashion-beauty/17019/bottega-veneta-autumn-winter-2026-show-review-louise-trotter,2026-03-02,It's about what Milanese style means to me and to Bottega Veneta,"Milanese style; dressing up for yourself and your community; less studied, more accurate; movement; joy and confidence","Trotter backstage, quoted in AnOther (Alexander Fury); she continued 'Less studied, more accurate.' bottegaveneta.com could not be fetched."
dior,2026-03-03,AW26,brand site,https://www.dior.com/en_us/fashion/womens-fashion/ready-to-wear-shows/autumn-winter-2026-2027-show,,"This collection is about the constant flow of ideas that is so typical of Parisian life, and the spectacle of the everyday.",Parisian life; spectacle of the everyday; Jardins des Tuileries; seeing and being seen; flowers through craft,Quote attributed to Jonathan Anderson on dior.com; no date on page.
saint_laurent,2026-03-03,AW26,press quote,https://www.anothermag.com/fashion-beauty/17026/saint-laurent-autumn-winter-2026-womenswear-show-review-anthony-vaccarello,2026-03-04,"Those women dressed in those fabulous colours, opulence, richness of lace",opulence; lace as a second skin; colour; fluid unlined construction; giving power to women,Vaccarello's spoken comments quoted in AnOther (Alexander Fury); he continued 'They are the most important thing.' No house notes found; ysl.com could not be fetched.
alaia,2026-03-04,AW26,brand site,https://www.maison-alaia.com/en-us/show_sf26.html,,"Minimal, pure, essential. Stripped back, reduced to the very essence of Alaïa.",minimalism and essence; reflection on Azzedine Alaïa's work; humble versus precious materials; the body within the clothes; celebrating women; Mulier's time at the house,"House text for the 'Summer Fall 26' show (Alaïa's season name; page metadata places it in Paris, March 2026); no direct Mulier quote on the page. AnOther (5 Mar 2026) quotes him pre-show: 'Minimal, minimal, minimal'."
chanel,2026-03-09,AW26,fashion week site,https://www.fhcm.paris/en/news/chanel-fall-winter-2026,2026-03-09,I wish to create a canvas for women to be unapologetically who they are and who they want to be.,paradox of function and fiction; caterpillar to butterfly; freedom to choose; the Chanel suit across eras; borrowing from menswear and workwear,Chanel's notes as published by FHCM; quote attributed to Matthieu Blazy.
louis_vuitton,2026-03-10,AW26,brand site,https://uk.louisvuitton.com/eng-gb/magazine/articles/women-fall-winter-2026-show,,inspired by the founder's journey from the Jura to Paris,the founder's journey; from the Jura to Paris; house origins,The house page has a single descriptive sentence (shown at the Cour Carrée du Louvre on March 10th); no Ghesquière quote. The US version of the page was refused by the fetch tool's rate limit.
miu_miu,2026-03-10,AW26,brand site,https://www.miumiu.com/us/en/miumiu-club/fashion-shows/fw26-fashion-show.html,,"The Fall/Winter 2026 Miu Miu collection by Miuccia Prada takes as its basis the body, drawing clothes in close.",the body; ownership and agency of the self; warm sensuality; care; garments that embrace the body,House show text in the third person; no direct quote; no date on page.
dior,2026-09-29,SS27,brand site,https://www.dior.com/en_us/fashion/womens-fashion/ready-to-wear-shows/summer-2027-show,,"The Summer 2027 Women's Collection is a study of lightness, achieved through technical virtuosity.",lightness; technical virtuosity; tailoring treated as flou; air as a material; transparency and opacity,"House text on dior.com, not presented as an Anderson quote; no date on page."
margiela,2026-09-29,SS27,brand site,https://www.maisonmargiela.com/en-us/mm-brand-show-ss27.html,,"We present a study into the concepts of HARD and SOFT, both essential elements in the design and construction of garments and accessories.",hard and soft; tailoring and flou; couture practice in ready-to-wear; structure added to archetypes; rereading fashion history,"House text in the first person plural, not signed by Glenn Martens. The page's date (September 29, 2026) is the show date, not a publication date."
saint_laurent,2026-09-29,SS27,press quote,https://www.anothermag.com/fashion-beauty/17521/saint-laurent-spring-summer-2027-ss27-review-anthony-vaccarello,2026-09-30,and let you experience all its shades.,experience over explanation; minimal statement from the designer; gold; repetition,Weak: the only words found. AnOther (Alexander Fury) reports Vaccarello sent journalists a note saying he would rather not say too much 'and let you experience all its shades.' Gold and repetition come from The Impression's paraphrase that 'the press notes framed gold as a study in repetition' (not a quote). AnOther treats the last-show reports as rumour. ysl.com could not be fetched.
chloe,2026-10-01,SS27,press quote,https://www.anothermag.com/fashion-beauty/17534/chloe-chemena-kamali-spring-summer-2027-ss27-review-paris-fashion-week,2026-10-01,"I wanted to explore Chloé archetypes, never stereotypes",Chloé archetypes; avoiding stereotypes; intuition; something deeply personal,"Kamali quoted in AnOther (Alexander Fury). chloe.com's Summer 2027 page shows looks only, and no behind-the-scenes page for this season was found."
hermes,2026-10-03,SS27,brand site,https://www.hermes.com/us/en/content/402900-women-spring-summer-runway-show/,,"A breeze slips between skin and fabric. Sensual and assured, she moves through the heat with newfound lightness.",summer outdoors; the fan and moving air; lightness; sensual assurance; light layered wardrobe; leather craft,"House text; no Nadège Vanhée quote on the page; no publication date. The hermes.com homepage link reads 'Presented on Saturday, October 3 at 6 pm (Paris time)'; the input note gives 15:00."
miu_miu,2026-10-04,SS27,brand site,https://www.miumiu.com/us/en/miumiu-club/fashion-shows/ss27-fashion-show.html,,"a fundamental recontextualization comes from elements of beauty, refinement and elegance, applied to the clothing items that define a quotidian wardrobe of now.","elevating the everyday wardrobe; beauty, refinement and elegance; classicism; friction between opposing pieces; ambition to do better",House show text in the third person; no direct quote; no date on page.
valentino,2026-10-04,SS27,brand site,https://www.valentino.com/en-us/v-universe/fashion-shows/pret-a-porter/valentino-antibiblioteca-spring-summer-2027/watch-the-show,,"Because the value of an antilibrary lies not in what we already know, but in the tangible presence of what we still do not.",the antilibrary; the unread and unknown; curiosity and discovery; expanding imagination; happiness in possibility,'Antibiblioteca' show text signed 'Alessandro' (Michele). It opens by quoting Nassim Nicholas Taleb on Umberto Eco's library; the excerpt comes from the text's own voice after that quotation.
chanel,2026-10-05,SS27,fashion week site,https://www.fhcm.paris/en/news/chanel-ready-to-wear-spring-summer-2027-show-and-collection-notes,2026-10-05,"It's about the women within a woman. And here, it's about one woman, Gabrielle, who then became Chanel.",multiple selves; Gabrielle Chanel's life as a continuum; underwear to the suit as second skin; lightness and freedom of movement; birds; smocked tweed,Chanel's show and collection notes as published by FHCM; quote attributed to Matthieu Blazy. Read once in full; a second exact-match check was refused by the fetch tool's rate limit.
louis_vuitton,2026-10-06,SS27,press quote,https://theimpression.com/louis-vuitton-spring-2027-fashion-show-review/,,for action,clothes engineered for action; lightness; fluidity,"Partial: the show was on 6 October 2026 and LV's own page still carries only the pre-show announcement. The Impression's review quotes fragments of the show notes ('impossible lightness', garments engineered 'for action'); 'constructed in fluidity' is quoted without explicit attribution. Recheck the house page later. The Impression's page metadata dates the review before the show, so published is left blank."
