house,handle,channel_url,channel_id,evidence_url,notes
chanel,@CHANEL,https://www.youtube.com/@CHANEL,UCclHSnngVTZK7LEOQAzcg1w,https://www.youtube.com/@chanel/about,unverified: chanel.com footer (us and gb) has a 'Youtube - Chanel' social link but the fetcher could not extract its URL; channel title CHANEL and description about Gabrielle Chanel match the house
dior,@Dior,https://www.youtube.com/@Dior,UC6xD-jKli-_qIYXDTsNv4dw,https://www.youtube.com/@dior/about,"unverified: dior.com footer (en_gb and fr_fr fashion pages) links TikTok, Instagram, X, Facebook, Pinterest, Snapchat and LinkedIn but no YouTube; channel is titled Christian Dior, quotes Christian Dior in its description and links to dior.com"
gucci,@gucci,https://www.youtube.com/@gucci,UCo6fjlKg6GuCmEMeqYbGJng,https://www.youtube.com/@gucci/about,"unverified: gucci.com blocks automated fetching so its footer could not be checked; channel title GUCCI, description describes the house founded in Florence in 1921"
balenciaga,@balenciaga,https://www.youtube.com/@balenciaga,UC08-C3TjnbKb6MPnfJd3IVQ,https://www.youtube.com/@balenciaga/about,"unverified: balenciaga.com blocks automated fetching so its footer could not be checked; channel title Balenciaga, description recounts the house history from 1917"
loewe,@Loewe,https://www.youtube.com/@Loewe,UCIkFEXV_zvjOlmOcKEHW_hg,https://www.youtube.com/@loewe/about,"unverified: loewe.com footer is not in the fetchable HTML and other loewe.com pages are robots-blocked; channel title LOEWE, description names creative directors Jack McCollough and Lazaro Hernandez"
bottega_veneta,@BottegaVeneta,https://www.youtube.com/@BottegaVeneta,UCxBbMh9D8lGSfF8tIY2J-SQ,https://www.youtube.com/@bottegaveneta/about,"unverified: bottegaveneta.com blocks automated fetching so its footer could not be checked; channel title Bottega Veneta, description describes the house born in Vicenza in 1966"
celine,@celine,https://www.youtube.com/@celine,UCp28L5GnKYqJVqKFvZZX_Bg,https://www.celine.com/en-us/home,"celine.com footer links https://www.youtube.com/CELINE, which resolves (via /c/CELINE) to this channel, title CELINE"
fendi,@Fendi,https://www.youtube.com/@Fendi,UC7UUIS022jLrmdj3ktB0zpA,https://www.youtube.com/@fendi/about,"unverified: fendi.com footer (us-en, gb-en, it-it) links only TikTok, Instagram and LinkedIn, no YouTube; channel title Fendi, description 'Roma, 1925. Welcome to the Official YouTube channel.'"
jil_sander,@jilsanderprojects,https://www.youtube.com/@jilsanderprojects,UC-ztWTSQ9eOxWIZJbCm6JSA,https://www.jilsander.com/en-us/social.html,jilsander.com SOCIAL page (linked from the site footer) links https://www.youtube.com/channel/UC-ztWTSQ9eOxWIZJbCm6JSA directly; channel title JIL SANDER
margiela,@MaisonMargiela,https://www.youtube.com/@MaisonMargiela,UCOKkerman2d_SmGj8P4_JEw,https://www.maisonmargiela.com/en-us/,"maisonmargiela.com footer links https://www.youtube.com/MARGIELAtube (legacy username), which resolves to this channel, title Maison Margiela"
hermes,@hermes,https://www.youtube.com/@hermes,UCmFOnqrNg-YHLXfdB3GexBg,https://www.hermes.com/us/en/,"hermes.com footer 'Follow us' links https://www.youtube.com/user/hermes, which resolves to this channel, title Hermès"
louis_vuitton,@louisvuitton,https://www.youtube.com/@louisvuitton,UC5q0PIKGr2lGOsiT14AlEYg,https://www.youtube.com/@louisvuitton/about,"unverified: louisvuitton.com footer 'Follow Us' has seven icon links whose URLs the fetcher could not extract; channel title Louis Vuitton, description about the Maison since 1854"
prada,@Prada,https://www.youtube.com/@Prada,UCyKqxNOVX6e1kBKB23g8r6g,https://www.prada.com/us/en.html,"prada.com footer links https://www.youtube.com/prada, which resolves (via /c/prada) to this channel, title Prada"
miu_miu,@miumiu,https://www.youtube.com/@miumiu,UCm1E_-vk6Y0e_frZZRIavtw,https://www.miumiu.com/us/en.html,miumiu.com footer 'Follow Us' links https://www.youtube.com/@miumiu directly; channel title Miu Miu
saint_laurent,@yvessaintlaurent,https://www.youtube.com/@yvessaintlaurent,UCPKgOkL5T1HiWpdp8de0U4g,https://www.youtube.com/user/YSL/about,"unverified: ysl.com blocks automated fetching so its footer could not be checked; channel at legacy username YSL is titled Saint Laurent, describes itself as 'THE OFFICIAL SAINT LAURENT YOUTUBE CHANNEL' and links www.ysl.com (fashion channel, not YSL Beauty); @ysl and @saintlaurent return 404"
burberry,@Burberry,https://www.youtube.com/@Burberry,UCw7aeTxfJ4aP8REx8SMZQxQ,https://www.burberryplc.com/,"Burberry's corporate site burberryplc.com footer 'Follow us' links https://www.youtube.com/user/Burberry, which resolves to this channel, title Burberry; burberry.com retail footer social links were not in the fetchable HTML"
valentino,@valentino,https://www.youtube.com/@valentino,UCEVPnj90D28Z4KDYQ2tLzqw,https://www.valentino.com/en-us,"valentino.com footer 'Follow us on Youtube' links https://www.youtube.com/valentino, which resolves (via /c/valentino) to this channel, title Valentino"
loro_piana,@LoroPianaOfficial,https://www.youtube.com/@LoroPianaOfficial,UCtMi_Hzwj0eeJu2EhJy4gWQ,https://www.youtube.com/@loropianaofficial/about,"unverified: loropiana.com footer links Instagram, Facebook, LinkedIn and Weibo but no YouTube; channel title Loro Piana, description 'On a quest for excellence... since 1924' and links instagram.com/LoroPiana; a separate untitled channel at /user/loropiana (@loropiana, UCqx2bgHfovZZhH7yq5GvUwQ) looks dormant"
chloe,@chloe,https://www.youtube.com/@chloe,UCha4JJMZFxiDM_w_xiinn9g,https://www.chloe.com/us/,"chloe.com footer links https://www.youtube.com/user/chloe, which resolves to this channel"
versace,@Versace,https://www.youtube.com/@Versace,UCrx5pVziMo1qzF8isicR5SQ,https://www.versace.com/us/en/,"versace.com footer links https://www.youtube.com/user/versacevideos (legacy username), which resolves to this channel, title Versace"
givenchy,@GivenchyOfficial,https://www.youtube.com/@GivenchyOfficial,UCDar1-tn9nINSONi2P1MlBw,https://www.youtube.com/@givenchyofficial/about,"unverified: givenchy.com footer has no social links at all; this channel is titled GIVENCHY but has no description (youtube.com/givenchy also titles as GIVENCHY but could not be tied to an ID); /user/givenchy is a different untitled channel (@givenchy4803, UCmXDDLWQqQG7Q1xYCpq75Pw) and @givenchy returns 404"
tom_ford,@TomFord,https://www.youtube.com/@TomFord,UCi7nMpXuCXT_SUOOE6Yy2ag,https://www.tomfordfashion.com/,"tomfordfashion.com footer links https://www.youtube.com/user/TOMFORDINTERNATIONAL, which resolves to this channel, title TOM FORD; the beauty-led tomford.com links the same channel by ID, so it is the brand-wide channel rather than a beauty-only one and may mix fashion and beauty content"
dries_van_noten,@TheDriesTube,https://www.youtube.com/@TheDriesTube,UC7rr47Ry3u_SbH0EY2n50eQ,https://www.driesvannoten.com/,"driesvannoten.com footer 'CONNECT' links https://www.youtube.com/user/TheDriesTube, which resolves to this channel, title DRIES VAN NOTEN"
alaia,@MaisonAlaïa,https://www.youtube.com/@maisonalaia,UCFOtvnYgFyudwg2FJ18CqfQ,https://www.youtube.com/@maisonalaia/about,"unverified: maison-alaia.com footer Social section links only Instagram; channel title Maison Alaïa, description 'Founded by Azzedine Alaïa in Paris'; handle contains a non-ASCII ï (encoded @MaisonAla%C3%AFa), the ASCII URL in channel_url was confirmed to resolve to this channel ID"
dolce_gabbana,@DolceGabbana,https://www.youtube.com/@DolceGabbana,UCnsNsFAFPvFwpbaHJf2JtCQ,https://world.dolcegabbana.com/,"Dolce&Gabbana's own world.dolcegabbana.com footer links https://www.youtube.com/user/dolcegabbanachannel, which resolves to this channel, title Dolce&Gabbana; dolcegabbana.com footer shows a Youtube label whose URL the fetcher could not extract"
max_mara,@maxmara,https://www.youtube.com/@maxmara,UC-SwrDq4Jvytk6wk0TcxU-g,https://us.maxmara.com/,"maxmara.com footer links https://www.youtube.com/maxmara, which resolves (via /c/maxmara) to this channel, title Max Mara"
brunello_cucinelli,@BrunelloCucinelli_brand,https://www.youtube.com/@BrunelloCucinelli_brand,UCkYW8goAKKjTKoz0ViTCFcg,https://shop.brunellocucinelli.com/en-us/,shop.brunellocucinelli.com footer links https://www.youtube.com/channel/UCkYW8goAKKjTKoz0ViTCFcg directly; channel title Brunello Cucinelli
zegna,@zegna,https://www.youtube.com/@zegna,UCj-b8RXOIM978XQaP35XQEQ,https://www.zegna.com/us-en/,"zegna.com footer 'Follow Us' links https://www.youtube.com/user/EZegnaOfficial (legacy username), which resolves to this channel"
